Displayname,Kalt_oben------,DIST.HC--MTR.HC-W.HC-SUP-MEA.T-,ODC----HOR-MEA.GLIR-CALC,STO.H---W.H-BOT-MEA.T-,GEN.HC-SCOL-MTR.HC-BRINE-SUP-CALC.T-,GEN.HC-HP--R410a--CALC.POW.H-,GEN.HC-SCOL-MTR.HC-BRINE-RET-MEA.VF-,STO.EL-SCC----CALC.POW.EL-,DIST.HC--MTR.HC-W.HC-RET-MEA.T-,GEN.EL-PV----MEA.VOLT-,GEN.HC-HP.COMP--R410a--CALC.POW.EL-,STO.EL-INV---IN-MEA.CUR-,STO.C---W.C-BOT-MEA.T-,STO.EL-INV---OUT-MEA.POW.EL-,GEN.HC-SCOL-MTR.HC-BRINE-RET-CALC.T-,ODC---AIR.OD--CALC.T-,Kalt_unten------,GEN.H-HP--W.H-RET-MEA.T-,WS.DWD-----MEA.T-,GEN.C-HP--BRINE-RET-CALC.T-,Warm_unten------,GEN.H--MTR.H-W.H-RET-MEA.T-,ODC----VER-MEA.GLIR-CALC,GEN.C-HP--BRINE-SUP-CALC.T-,STO.EL-SCC---IN-MEA.CUR-,ZONE---AIR.ID--MEA.T-,GEN.H--MTR.H-W.H-SUP-CALC.T-,STO.EL-INV---OUT-MEA.CUR-,GEN.HC-HP--R410a--CALC.COP.virt-,STO.EL-SCC----MEA.VOLT-,GEN.EL-PV----MEA.CUR-,STO.EL-INV----MEA.VOLT-,STO.EL-INV---OUT-MEA.VOLT-,GEN.H--MTR.H-W.H-RET-MEA.VF-,STO.EL-INV---IN-MEA.POW.EL-,GEN.H-HP--W.H-SUP-MEA.T-,Warm_oben------,STO.EL-INV---IN-MEA.VOLT-,DIST.HC--MTR.HC-W.HC-RET-MEA.VF-
2022-06-29 00:00:00,17.7,15.87,0.0,32.11,,4.02,0.0,0.0,17.66,5.27,0.6,0.0,16.19,0.7,,20.13,16.71,33.03,18.7,11.79,35.23,32.74,0.0,15.2,0.0,22.84,37.78,2.95,6.45,56.16,0.0,56.12,237.0,645.1,0.0,38.0,37.24,5.0,436.3
2022-06-29 00:05:00,17.38,15.31,0.0,32.68,,3.97,0.0,0.0,17.24,5.27,0.6,0.0,15.6,0.7,,20.08,16.13,33.22,,11.34,,32.9,0.0,14.8,0.0,22.63,37.98,2.95,6.33,56.13,0.0,56.12,237.1,629.5,0.0,38.22,37.7,5.0,435.1
2022-06-29 00:10:00,16.99,14.79,0.0,34.28,,3.91,0.0,0.0,16.83,5.26,0.62,0.0,15.07,0.72,,20.0,15.64,33.96,18.6,10.95,,33.77,0.0,14.44,0.0,22.42,38.71,3.07,6.12,56.12,0.0,56.11,237.1,608.2,0.0,38.9,38.04,5.0,437.5
2022-06-29 00:15:00,16.6,14.34,0.0,35.42,20.06,3.87,415.8,0.0,16.42,5.26,0.7,0.0,14.66,0.77,31.31,20.0,15.22,35.7,,10.62,,35.52,0.0,14.08,0.0,22.24,40.55,3.28,5.79,56.08,0.0,56.04,237.0,585.1,0.0,40.67,38.3,5.0,436.7
2022-06-29 00:20:00,16.23,13.88,0.0,35.32,27.54,3.81,468.1,0.0,16.03,5.25,0.7,0.0,14.3,0.78,34.79,20.0,14.82,36.43,18.6,10.29,,36.13,0.0,13.75,0.0,22.06,41.26,3.3,5.67,56.07,0.0,56.03,237.2,592.9,0.0,41.43,37.58,5.0,436.3
2022-06-29 00:25:00,15.87,13.48,0.0,34.94,28.45,3.8,468.5,0.0,15.68,5.2,0.7,0.0,13.98,0.78,34.91,20.01,14.48,36.11,,9.95,,35.77,0.0,13.45,0.0,21.86,40.93,3.3,5.69,56.06,0.0,56.03,236.9,589.1,0.0,41.11,37.77,5.0,435.4
2022-06-29 00:30:00,15.53,13.11,0.0,34.76,28.56,3.77,466.4,0.0,15.33,5.14,0.7,0.0,13.65,0.78,34.99,20.16,14.13,35.95,18.7,9.64,,35.67,0.0,13.1,0.0,21.67,40.78,3.27,5.64,56.04,0.0,56.03,236.9,583.3,0.0,40.95,37.9,5.0,436.0
2022-06-29 00:35:00,15.18,12.73,0.0,34.7,28.82,3.71,466.9,0.0,14.96,5.1,0.7,0.0,13.32,0.78,35.03,20.33,13.79,35.89,,9.38,,35.58,0.0,12.75,0.0,21.51,40.68,3.28,5.61,56.03,0.0,56.01,237.0,575.2,0.0,40.87,37.92,5.0,436.4
2022-06-29 00:40:00,14.85,12.43,0.0,34.69,29.01,1.45,465.6,0.0,14.66,5.08,0.27,0.0,13.0,0.4,35.15,20.44,13.43,35.65,18.7,9.88,,35.41,0.0,12.58,0.0,21.32,40.44,1.69,2.23,56.25,0.0,56.23,237.7,288.0,0.0,40.33,37.75,4.4,435.4
2022-06-29 00:45:00,14.7,12.29,0.0,34.58,29.29,0.0,463.8,0.0,14.36,5.06,0.0,0.0,12.85,0.16,34.74,20.56,13.29,,,,,,0.0,,0.0,21.14,,0.66,0.0,56.45,0.0,56.38,238.0,6.0,0.0,,36.69,4.0,434.9
2022-06-29 00:50:00,14.7,12.42,0.0,34.26,29.14,0.0,463.7,0.0,14.27,5.05,0.0,0.0,12.8,0.16,34.07,20.67,13.28,,18.7,,,,0.0,,0.0,20.95,,0.66,0.0,56.47,0.0,56.46,238.0,4.0,0.0,,35.71,4.0,434.8
2022-06-29 00:55:00,14.7,12.53,0.0,33.69,28.86,0.0,462.89,0.0,14.21,5.05,0.0,0.0,12.97,0.16,33.54,20.77,13.43,,,,,,0.0,,0.0,20.78,,0.66,0.0,56.5,0.0,56.47,238.0,4.0,0.0,,35.0,4.0,434.56
2022-06-29 01:00:00,14.74,12.84,0.0,33.17,28.63,0.0,24.29,0.0,14.3,5.03,0.0,0.0,13.34,0.12,32.51,20.8,13.8,,18.8,,33.62,,0.0,,0.0,20.59,,0.52,0.0,56.51,0.0,56.48,238.0,4.0,0.0,,34.3,4.0,434.29
2022-06-29 01:05:00,14.75,13.15,0.0,33.0,,0.0,5.1,0.0,14.41,5.02,0.0,0.0,13.7,0.12,,20.88,14.15,,,,,,0.0,,0.0,20.46,,0.56,0.0,56.51,0.0,56.47,237.9,1.6,0.0,,34.16,4.0,434.0
2022-06-29 01:10:00,14.8,13.57,0.0,32.92,,0.0,4.0,0.0,14.57,5.04,0.0,0.0,13.99,0.12,,20.9,14.49,,18.7,,,,0.0,,0.0,20.3,,0.52,0.0,56.53,0.0,56.47,237.9,0.0,0.0,,34.08,4.0,435.2
2022-06-29 01:15:00,14.85,13.93,0.0,32.9,,0.0,4.0,0.0,14.86,5.08,0.0,0.0,14.15,0.12,,20.9,14.68,,,,,,0.0,,0.0,20.17,,0.5,0.0,56.53,0.0,56.49,237.9,0.0,0.0,,34.09,4.0,285.4
2022-06-29 01:20:00,14.97,14.09,0.0,32.82,,0.0,4.0,0.0,15.31,5.11,0.0,0.0,14.2,0.12,,20.9,14.73,,18.8,,,,0.0,,0.0,20.06,,0.55,0.0,56.53,0.0,56.47,238.0,0.0,0.0,,34.1,4.0,302.5
2022-06-29 01:25:00,15.12,14.14,0.0,32.8,,0.0,1.2,0.0,15.2,5.14,0.0,0.0,14.27,0.12,,20.87,14.8,,,,,,0.0,,0.0,19.97,,0.5,0.0,56.53,0.0,56.47,238.0,0.0,0.0,,34.03,4.0,434.1
2022-06-29 01:30:00,15.27,14.28,0.0,32.8,,0.0,0.0,0.0,15.33,5.17,0.0,0.0,14.3,0.12,,20.8,14.84,,18.9,,,,0.0,,0.0,19.89,,0.5,0.0,56.53,0.0,56.47,237.9,0.0,0.0,,34.06,4.0,42.2
2022-06-29 01:35:00,15.33,14.36,0.0,32.79,,0.0,0.0,0.0,15.77,5.19,0.0,0.0,14.3,0.12,,20.71,14.85,,,,,,0.0,,0.0,19.82,,0.53,0.0,56.53,0.0,56.47,237.9,0.0,0.0,,34.05,4.0,264.8
2022-06-29 01:40:00,15.49,14.29,0.0,32.7,,0.0,0.0,0.0,15.51,5.22,0.0,0.0,14.37,0.12,,20.7,14.92,,19.1,,,,0.0,,0.0,19.78,,0.5,0.0,56.53,0.0,56.48,237.9,0.0,0.0,,34.04,4.0,210.3
2022-06-29 01:45:00,15.59,,0.0,32.7,,0.0,0.0,0.0,,5.24,0.0,0.0,14.4,0.12,,20.61,14.96,,,,,,0.0,,0.0,19.73,,0.5,0.0,56.53,0.0,56.47,238.0,0.0,0.0,,34.02,4.0,-0.7
2022-06-29 01:50:00,15.63,,0.0,32.7,,0.0,0.0,0.0,,5.25,0.0,0.0,14.4,0.12,,20.55,14.95,,18.9,,,,0.0,,0.0,19.7,,0.5,0.0,56.53,0.0,56.47,238.0,0.0,0.0,,34.03,4.0,-0.6
2022-06-29 01:55:00,15.65,,0.0,32.7,,0.0,0.0,0.0,,5.26,0.0,0.0,14.4,0.12,,20.5,14.97,,,,,,0.0,,0.0,19.68,,0.5,0.0,56.53,0.0,56.47,238.0,0.0,0.0,,34.02,4.0,-0.6
2022-06-29 02:00:00,15.66,,0.0,32.7,,0.0,0.0,0.0,,5.25,0.0,0.0,14.4,0.12,,20.4,14.95,,18.8,,33.44,,0.0,,0.0,19.67,,0.52,0.0,56.53,0.0,56.47,237.9,0.0,0.0,,34.08,4.0,-0.8
2022-06-29 02:05:00,15.62,,0.0,32.7,,0.0,0.0,0.0,,5.24,0.0,0.0,14.4,0.12,,20.35,14.99,,,,,,0.0,,0.0,19.69,,0.5,0.0,56.53,0.0,56.47,237.8,0.0,0.0,,34.01,4.0,-0.7
2022-06-29 02:10:00,15.62,,0.0,32.7,,0.0,0.0,0.0,,5.23,0.0,0.0,14.4,0.12,,20.28,14.96,,18.7,,,,0.0,,0.0,19.71,,0.5,0.0,56.53,0.0,56.48,237.9,0.0,0.0,,34.04,4.0,-0.6
2022-06-29 02:15:00,15.63,,0.0,32.7,,0.0,0.0,0.0,,5.23,0.0,0.0,14.4,0.12,,20.2,14.96,,,,,,0.0,,0.0,19.74,,0.5,0.0,56.53,0.0,56.48,237.9,0.0,0.0,,34.04,4.0,-0.8
2022-06-29 02:20:00,15.62,,0.0,32.7,,0.0,0.0,0.0,,5.22,0.0,0.0,14.4,0.12,,20.11,14.97,,18.6,,,,0.0,,0.0,19.77,,0.52,0.0,56.53,0.0,56.48,238.0,0.0,0.0,,34.02,4.0,-0.5
2022-06-29 02:25:00,15.65,,0.0,32.7,,0.0,0.0,0.0,,5.22,0.0,0.0,14.4,0.12,,20.01,14.99,,,,,,0.0,,0.0,19.81,,0.5,0.0,56.53,0.0,56.48,238.0,0.0,0.0,,34.04,4.0,-0.4
2022-06-29 02:30:00,15.66,,0.0,32.7,,0.0,0.0,0.0,,5.2,0.0,0.0,14.4,0.12,,19.92,15.0,,18.5,,,,0.0,,0.0,19.85,,0.5,0.0,56.53,0.0,56.47,237.9,0.0,0.0,,34.03,4.0,-0.5
2022-06-29 02:35:00,15.65,15.94,0.0,32.61,,0.0,0.0,0.0,17.57,5.18,0.0,0.0,14.4,0.13,,19.82,15.0,,,,,,0.0,,0.0,19.9,,0.53,0.0,56.51,0.0,56.48,238.0,0.0,0.0,,34.0,4.0,220.8
2022-06-29 02:40:00,15.98,14.45,0.0,32.6,,0.0,0.0,0.0,16.98,5.18,0.0,0.0,14.45,0.12,,19.74,15.01,,18.2,,,,0.0,,0.0,19.93,,0.5,0.0,56.53,0.0,56.48,238.0,0.0,0.0,,34.01,4.0,98.2
2022-06-29 02:45:00,16.1,,0.0,32.6,,0.0,0.0,0.0,,5.18,0.0,0.0,14.5,0.12,,19.65,15.05,,,,,,0.0,,0.0,19.94,,0.52,0.0,56.53,0.0,56.47,238.0,0.0,0.0,,34.0,4.0,-0.4
2022-06-29 02:50:00,16.16,14.86,0.0,32.6,,0.0,0.0,0.0,17.43,5.19,0.0,0.0,14.5,0.12,,19.55,15.07,,18.0,,,,0.0,,0.0,19.95,,0.53,0.0,56.5,0.0,56.47,237.8,0.0,0.0,,34.02,4.0,220.0
2022-06-29 02:55:00,16.61,14.5,0.0,32.6,,0.0,0.0,0.0,16.41,5.19,0.0,0.0,14.5,0.12,,19.44,15.1,,,,,,0.0,,0.0,19.94,,0.5,0.0,56.52,0.0,56.48,238.0,0.0,0.0,,34.0,4.0,132.6
2022-06-29 03:00:00,16.79,,0.0,32.6,,0.0,0.0,0.0,,5.2,0.0,0.0,14.6,0.12,,19.3,15.1,,17.8,,33.32,,0.0,,0.0,19.92,,0.5,0.0,56.52,0.0,56.47,237.9,0.0,0.0,,34.0,4.0,-0.3
2022-06-29 03:05:00,16.82,14.84,0.0,32.6,,0.0,0.0,0.0,16.98,5.21,0.0,0.0,14.6,0.13,,19.17,15.11,,,,,,0.0,,0.0,19.89,,0.53,0.0,56.5,0.0,56.47,237.9,0.0,0.0,,34.0,4.0,221.8
2022-06-29 03:10:00,16.96,14.62,0.0,32.6,,0.0,0.0,0.0,16.45,5.22,0.0,0.0,14.6,0.12,,19.05,15.16,,17.6,,,,0.0,,0.0,19.86,,0.5,0.0,56.5,0.0,56.48,238.0,0.0,0.0,,34.0,4.0,30.1
2022-06-29 03:15:00,17.01,,0.0,32.6,,0.0,0.0,0.0,,5.22,0.0,0.0,14.7,0.12,,18.94,15.21,,,,,,0.0,,0.0,19.84,,0.5,0.0,56.5,0.0,56.47,238.0,0.0,0.0,,34.0,4.0,-0.9
2022-06-29 03:20:00,17.01,14.98,0.0,32.55,,0.0,0.0,0.0,17.08,5.22,0.0,0.0,14.7,0.12,,18.86,15.22,,17.3,,,,0.0,,0.0,19.79,,0.53,0.0,56.5,0.0,56.47,238.0,0.0,0.0,,34.0,4.0,113.3
2022-06-29 03:25:00,17.08,,0.0,32.5,,0.0,0.0,0.0,,5.23,0.0,0.0,14.7,0.12,,18.78,15.22,,,,,,0.0,,0.0,19.76,,0.52,0.0,56.5,0.0,56.48,237.9,0.0,0.0,,34.0,4.0,-0.9
2022-06-29 03:30:00,17.11,,0.0,32.5,,0.0,0.0,0.0,,5.23,0.0,0.0,14.7,0.12,,18.7,15.23,,17.1,,,,0.0,,0.0,19.73,,0.5,0.0,56.5,0.0,56.47,237.8,0.0,0.0,,34.0,4.0,-0.8
2022-06-29 03:35:00,17.08,,0.0,32.5,,0.0,0.0,0.0,,5.23,0.0,0.0,14.7,0.12,,18.6,15.26,,,,,,0.0,,0.0,19.71,,0.5,0.0,56.5,0.0,56.48,238.0,0.0,0.0,,33.98,4.0,-1.1
2022-06-29 03:40:00,17.1,,0.0,32.5,,0.0,0.0,0.0,,5.24,0.0,0.0,14.7,0.12,,18.51,15.24,,16.9,,,,0.0,,0.0,19.69,,0.5,0.0,56.5,0.0,56.48,238.0,0.0,0.0,,33.95,4.0,-0.3
2022-06-29 03:45:00,17.09,,0.0,32.5,,0.0,0.0,0.0,,5.25,0.0,0.0,14.7,0.12,,18.47,15.27,,,,,,0.0,,0.0,19.68,,0.5,0.0,56.5,0.0,56.47,238.0,0.0,0.0,,33.91,4.0,-0.7
2022-06-29 03:50:00,17.09,,0.0,32.5,,0.0,0.0,0.0,,5.25,0.0,0.0,14.7,0.12,,18.4,15.27,,16.7,,,,0.0,,0.0,19.67,,0.5,0.0,56.5,0.0,56.47,237.8,0.0,0.0,,33.89,4.0,-1.0
2022-06-29 03:55:00,17.08,,0.0,32.5,,0.0,0.0,0.0,,5.26,0.0,0.0,14.7,0.12,,18.37,15.26,,,,,,0.0,,0.0,19.68,,0.5,0.0,56.5,0.0,56.47,237.9,0.0,0.0,,33.84,4.0,-0.8
2022-06-29 04:00:00,17.1,,0.0,32.5,,0.0,0.0,0.0,,5.26,0.0,0.0,14.7,0.12,,18.3,15.26,,16.5,,33.18,,0.0,,0.0,19.7,,0.5,0.0,56.5,0.0,56.47,237.9,0.0,0.0,,33.83,4.0,-0.5
2022-06-29 04:05:00,17.11,15.94,0.0,32.47,,0.0,0.0,0.0,18.3,5.28,0.0,0.0,14.7,0.12,,18.24,15.26,,,,,,0.0,,0.0,19.71,,0.55,0.0,56.5,0.0,56.47,237.9,0.0,0.0,,33.81,4.0,57.9
2022-06-29 04:10:00,17.13,,0.0,32.4,,0.0,0.0,0.0,,5.31,0.0,0.0,14.7,0.12,,18.18,15.32,,16.5,,,,0.0,,0.0,19.73,,0.5,0.0,56.5,0.0,56.47,237.9,0.0,0.0,,33.81,4.0,-1.0
2022-06-29 04:15:00,17.16,,0.0,32.4,,0.0,0.0,0.0,,5.35,0.0,0.0,14.7,0.12,,18.1,15.32,,,,,,0.0,,0.0,19.75,,0.5,0.0,56.5,0.0,56.47,237.9,0.0,0.0,,33.81,4.0,-0.7
2022-06-29 04:20:00,17.15,15.44,0.0,32.4,,0.0,0.0,0.0,18.15,5.44,0.0,0.0,14.79,0.12,,18.1,15.35,,16.7,,,,0.0,,0.0,19.74,,0.5,0.0,56.48,0.0,56.47,238.0,0.0,0.0,,33.8,4.0,185.2
2022-06-29 04:25:00,17.34,,0.0,32.4,,0.0,0.0,0.0,,5.59,0.0,0.0,14.8,0.12,,18.08,15.36,,,,,,0.0,,0.0,19.74,,0.5,0.0,56.5,0.0,56.47,237.8,0.0,0.0,,33.8,4.0,6.5
2022-06-29 04:30:00,17.42,,0.0,32.4,,0.0,0.0,0.0,,5.89,0.0,0.0,14.8,0.12,,18.0,15.4,,16.5,,,,0.0,,0.0,19.74,,0.5,0.0,56.5,0.0,56.47,238.0,0.0,0.0,,33.79,4.0,-0.4
2022-06-29 04:35:00,17.41,15.22,0.0,32.4,,0.0,0.0,0.0,17.66,6.48,0.0,0.0,14.8,0.12,,18.0,15.44,,,,,,0.0,,0.0,19.73,,0.52,0.0,56.48,0.0,56.44,238.0,0.0,0.0,,33.75,4.0,135.3
2022-06-29 04:40:00,17.52,,0.0,32.4,,0.0,0.0,0.0,,7.41,0.0,0.0,14.89,0.12,,18.0,15.42,,16.4,,,,0.0,,0.0,19.72,,0.52,0.0,56.5,0.0,56.47,238.0,0.0,0.0,,33.77,4.0,-0.3
2022-06-29 04:45:00,17.57,,0.0,32.36,,0.0,0.0,0.0,,8.97,0.0,0.0,14.9,0.12,,18.0,15.45,,,,,,0.0,,0.0,19.7,,0.5,0.0,56.49,0.0,56.47,237.9,0.0,0.0,,33.75,4.0,-0.5
2022-06-29 04:50:00,17.59,15.48,0.0,32.3,,0.0,0.0,0.0,17.61,13.65,0.0,0.0,14.9,0.12,,18.0,15.44,,16.9,,,,0.0,,0.0,19.7,,0.52,0.0,56.48,0.0,56.43,238.0,0.0,0.0,,33.71,4.0,39.7
2022-06-29 04:55:00,17.61,,0.0,32.3,,0.0,0.0,0.0,,26.27,0.0,0.0,14.9,0.12,,18.0,15.47,,,,,,0.0,,0.0,19.69,,0.5,0.0,56.5,0.0,56.47,238.0,0.0,0.0,,33.74,4.0,-0.4
2022-06-29 05:00:00,17.6,,0.0,32.3,,0.0,0.0,0.0,,42.38,0.0,0.0,14.9,0.12,,18.0,15.47,,17.2,,33.02,,0.0,,0.0,19.68,,0.5,0.0,56.5,0.0,56.47,238.0,0.0,0.0,,33.7,4.0,-0.9
2022-06-29 05:05:00,17.6,15.89,0.0,32.3,,0.0,0.0,0.0,17.76,58.69,0.0,0.0,14.9,0.12,,18.0,15.49,,,,,,0.0,,0.0,19.67,,0.52,0.0,56.5,0.0,56.38,238.0,0.0,0.0,,33.7,4.0,24.4
2022-06-29 05:10:00,17.61,,0.0,32.3,,0.0,0.0,0.0,,74.49,0.0,0.0,14.9,0.12,,18.0,15.49,,16.6,,,,0.0,,0.0,19.67,,0.5,0.0,56.52,0.0,56.39,238.0,0.0,0.0,,33.7,4.0,-0.5
2022-06-29 05:15:00,17.63,,0.0,32.3,,0.0,0.0,0.0,,78.7,0.0,0.0,14.9,0.12,,18.0,15.49,,,,,,0.0,,0.02,19.68,,0.5,0.0,56.53,0.02,56.39,237.8,0.0,0.0,,33.7,4.0,-1.0
2022-06-29 05:20:00,17.63,16.16,67.4,32.3,,0.0,0.0,0.0,17.99,94.12,0.0,0.0,14.9,0.12,,18.0,15.5,,16.3,,,,0.0,,0.01,19.68,,0.53,0.0,56.53,0.01,56.38,238.0,0.0,0.0,,33.7,4.0,176.1
2022-06-29 05:25:00,17.7,,0.0,32.24,,0.0,0.0,0.0,,94.53,0.0,0.0,14.9,0.12,,18.0,15.5,,,,,,0.0,,0.0,19.69,,0.5,0.0,56.52,0.0,56.38,238.0,0.0,0.0,,33.7,4.0,-0.7
2022-06-29 05:30:00,17.71,,0.0,32.2,,0.0,0.0,0.0,,103.94,0.0,0.0,14.9,0.12,,17.96,15.52,,16.4,,,,0.0,,0.0,19.7,,0.52,0.0,56.52,0.0,56.38,237.9,0.0,0.0,,33.69,4.0,-0.7
2022-06-29 05:35:00,17.73,15.66,0.0,32.2,,0.0,0.0,0.0,18.11,104.36,0.0,0.0,14.96,0.12,,17.9,15.52,,,,,,0.0,,0.0,19.7,,0.53,0.0,56.51,0.0,56.38,238.0,0.0,0.0,,33.62,4.0,83.9
2022-06-29 05:40:00,17.88,,0.0,32.2,,0.0,0.0,0.0,,104.84,0.0,0.0,15.0,0.12,,17.89,15.57,,16.5,,,,0.0,,0.01,19.71,,0.5,0.0,56.52,0.01,56.38,238.0,0.0,0.0,,33.61,4.0,-0.7
2022-06-29 05:45:00,17.91,,0.0,32.2,,0.0,0.0,0.0,,103.83,0.0,0.0,15.0,0.12,,17.8,15.59,,,,,,0.0,,0.06,19.72,,0.5,0.0,56.52,0.02,56.38,238.0,0.0,0.0,,33.6,4.0,-0.8
2022-06-29 05:50:00,17.94,15.45,0.0,32.2,,0.0,0.0,0.0,17.96,105.89,0.0,0.0,15.02,0.12,,17.73,15.61,,16.4,,,,0.0,,0.05,19.71,,0.52,0.0,56.51,0.04,56.39,237.9,0.0,0.0,,33.58,4.0,152.3
2022-06-29 05:55:00,18.09,,2.0,32.2,,0.0,0.0,0.01,,87.72,0.0,0.0,15.1,0.12,,17.7,15.63,,,,,,1.0,,0.1,19.7,,0.52,0.0,56.52,0.1,56.38,238.0,0.0,0.0,,33.57,4.0,-1.0
2022-06-29 06:00:00,18.11,,11.11,32.13,,0.0,0.0,0.01,,77.27,0.0,0.0,15.1,0.12,,17.64,15.71,,16.4,,32.81,,11.11,,0.17,19.7,,0.5,0.0,56.53,0.17,56.38,237.9,0.0,0.0,,33.54,4.0,-0.6
2022-06-29 06:05:00,18.1,15.6,14.2,32.1,,0.0,0.0,0.02,17.64,67.41,0.0,0.0,15.13,0.12,,17.6,15.73,,,,,,14.6,,0.29,19.69,,0.52,0.0,56.53,0.27,56.38,237.9,0.0,0.0,,33.55,4.0,51.2
2022-06-29 06:10:00,18.14,,17.0,32.1,,0.0,0.0,0.02,,91.41,0.0,0.0,15.2,0.12,,17.6,15.72,,16.3,,,,17.0,,0.36,19.67,,0.52,0.0,56.53,0.22,56.4,238.0,0.0,0.0,,33.51,4.0,-0.2
2022-06-29 06:15:00,18.13,,18.4,32.1,,0.0,0.0,0.02,,68.08,0.0,0.0,15.2,0.12,,17.6,15.73,,,,,,18.0,,0.43,19.65,,0.5,0.0,56.53,0.39,56.41,238.0,0.0,0.0,,33.53,4.0,-0.9
2022-06-29 06:20:00,18.11,16.09,20.4,32.04,,0.0,0.0,0.03,17.78,74.31,0.0,0.0,15.2,0.12,,17.6,15.75,,16.4,,,,19.4,,0.49,19.64,,0.55,0.0,56.53,0.38,56.39,238.0,0.0,0.0,,33.5,4.0,21.9
2022-06-29 06:25:00,18.14,,23.2,32.0,,0.0,0.0,0.03,,81.58,0.0,0.0,15.2,0.12,,17.6,15.76,,,,,,22.6,,0.56,19.63,,0.5,0.0,56.55,0.42,56.47,238.0,0.0,0.0,,33.5,4.0,-0.7
2022-06-29 06:30:00,18.12,,26.4,32.0,,0.0,0.0,0.04,,80.69,0.0,0.0,15.2,0.12,,17.64,15.76,,16.8,,,,25.6,,0.66,19.64,,0.5,0.0,56.56,0.46,56.47,238.0,0.0,0.0,,33.5,4.0,-0.6
2022-06-29 06:35:00,18.11,,30.8,32.0,,0.0,0.0,0.04,,83.92,0.0,0.0,15.2,0.12,,17.7,15.79,,,,,,30.0,,0.76,19.65,,0.5,0.0,56.56,0.52,56.47,238.0,0.0,0.0,,33.5,4.0,-0.8
2022-06-29 06:40:00,18.13,,33.8,32.0,,0.0,0.0,0.05,,99.4,0.0,0.0,15.2,0.12,,17.8,15.78,,17.3,,,,32.2,,0.85,19.66,,0.5,0.0,56.56,0.51,56.48,238.0,0.0,0.0,,33.49,4.0,-0.9
2022-06-29 06:45:00,18.11,,38.6,32.0,,0.0,0.0,0.06,,95.88,0.0,0.0,15.2,0.12,,17.88,15.77,,,,,,37.4,,1.04,19.66,,0.52,0.0,56.58,0.62,56.47,237.9,0.0,0.0,,33.47,4.0,-0.9
2022-06-29 06:50:00,18.12,16.99,59.2,32.0,,0.0,0.0,0.1,18.5,111.43,0.0,0.0,15.2,0.12,,17.96,15.78,,17.2,,,,54.8,,1.72,19.68,,0.53,0.0,56.61,0.9,56.48,237.9,0.0,0.0,,33.45,4.0,32.6
2022-06-29 06:55:00,18.17,,58.8,31.93,,0.0,0.0,0.1,,111.74,0.0,0.0,15.26,0.12,,18.07,15.79,,,,,,56.0,,1.7,19.7,,0.52,0.0,56.62,0.86,56.47,237.8,0.0,0.0,,33.42,4.0,-0.9
2022-06-29 07:00:00,18.12,,67.2,31.9,,0.0,0.0,0.12,,111.04,0.0,0.0,15.3,0.12,,18.19,15.8,,17.4,,32.6,,65.0,,2.05,19.72,,0.5,0.0,56.65,1.07,56.53,237.9,0.0,0.0,,33.42,4.0,-0.7
2022-06-29 07:05:00,18.14,16.85,59.0,31.9,,0.0,0.0,0.1,18.54,109.84,0.0,0.0,15.3,0.13,,18.32,15.82,,,,,,57.0,,1.71,19.75,,0.53,0.0,56.63,0.91,56.5,237.9,0.0,0.0,,33.4,4.0,122.0
2022-06-29 07:10:00,18.33,,45.6,31.9,,0.0,0.0,0.08,,106.58,0.0,0.0,15.37,0.12,,18.42,15.87,,17.5,,,,43.4,,1.38,19.77,,0.52,0.0,56.62,0.74,56.49,238.0,0.0,0.0,,33.41,4.0,-1.0
2022-06-29 07:15:00,18.35,,36.4,31.9,,0.0,0.0,0.06,,95.42,0.0,0.0,15.4,0.12,,18.52,15.93,,,,,,34.4,,1.03,19.79,,0.5,0.0,56.61,0.62,56.47,238.0,0.0,0.0,,33.39,4.0,-0.4
2022-06-29 07:20:00,18.38,15.73,28.8,31.87,,0.0,0.0,0.04,18.31,95.71,0.0,0.0,15.42,0.12,,18.6,15.95,,17.9,,,,26.4,,0.78,19.8,,0.55,0.0,56.59,0.46,56.47,237.9,0.0,0.0,,33.37,4.0,198.0
2022-06-29 07:25:00,18.47,15.38,27.8,31.8,,0.0,0.0,0.04,17.46,84.96,0.0,0.0,15.58,0.12,,18.68,16.09,,,,,,24.6,,0.68,19.81,,0.52,0.0,56.59,0.46,56.47,238.0,0.0,0.0,,33.37,4.0,16.9
2022-06-29 07:30:00,18.49,,35.6,31.8,,0.0,0.0,0.06,,98.72,0.0,0.0,15.69,0.12,,18.7,16.14,,18.1,,,,30.6,,0.99,19.83,,0.5,0.0,56.59,0.54,56.47,237.9,0.0,0.0,,33.36,4.0,-0.6
2022-06-29 07:35:00,18.53,15.76,50.8,31.8,,0.0,0.0,0.08,18.01,109.27,0.0,0.0,15.7,0.13,,18.79,16.17,,,,,,43.6,,1.5,19.82,,0.53,0.0,56.61,0.79,56.48,238.0,0.0,0.0,,33.35,4.0,172.5
2022-06-29 07:40:00,18.53,,61.11,31.8,,0.0,0.0,0.09,,110.44,0.0,0.0,15.83,0.12,,18.86,16.28,,18.0,,,,51.33,,1.62,19.83,,0.5,0.0,56.63,0.91,56.5,237.8,0.0,0.0,,33.35,4.0,-0.8
2022-06-29 07:45:00,18.58,,66.0,31.8,,0.0,0.0,0.11,,107.5,0.0,0.0,15.9,0.12,,18.95,16.36,,,,,,56.22,,1.9,19.83,,0.5,0.0,56.66,1.0,56.55,237.9,0.0,0.0,,33.31,4.0,-0.8
2022-06-29 07:50:00,18.57,15.83,70.89,31.73,,0.0,0.0,0.12,18.02,107.09,0.0,0.0,15.9,0.12,,19.04,16.33,,18.1,,,,60.0,,2.07,19.83,,0.55,0.0,56.66,1.07,56.56,238.0,0.0,0.0,,33.31,4.0,222.0
2022-06-29 07:55:00,18.56,15.62,81.6,31.7,,0.62,0.0,0.14,17.29,111.42,0.05,0.0,16.07,0.21,,19.15,16.53,30.1,,20.17,,30.43,69.6,21.15,2.42,19.85,29.02,0.89,0.79,56.64,1.23,56.51,237.5,393.0,0.0,29.45,33.1,4.2,27.1
2022-06-29 08:00:00,18.51,,94.2,31.7,,3.88,0.0,0.15,,112.75,0.6,0.0,16.19,0.69,,19.26,16.6,32.33,18.2,14.11,33.97,32.13,81.0,17.43,2.69,19.85,36.36,2.94,6.25,56.21,1.38,56.07,237.0,624.9,0.0,36.59,33.17,5.0,-0.8
2022-06-29 08:05:00,18.22,15.78,113.0,31.7,,4.05,0.0,0.19,17.97,112.54,0.6,0.0,16.07,0.7,,19.41,16.44,32.59,,11.87,,32.33,97.0,15.28,3.35,19.86,37.4,2.94,6.54,56.11,1.61,55.98,237.1,636.2,0.0,37.48,35.16,5.0,219.2
2022-06-29 08:10:00,17.73,15.24,132.6,31.7,,3.99,0.0,0.22,17.18,114.28,0.6,0.0,15.61,0.7,,19.57,16.08,32.65,18.6,11.32,,32.41,113.6,14.75,3.89,19.86,37.49,2.92,6.41,56.07,1.91,55.95,237.1,625.0,0.0,37.6,36.64,5.0,47.5
2022-06-29 08:15:00,16.98,,150.8,31.77,,3.89,0.0,0.25,,112.64,0.6,0.0,14.94,0.7,,19.78,15.51,32.74,,10.45,,32.52,130.4,13.98,4.46,19.87,37.61,2.95,6.25,56.06,2.19,55.95,237.1,611.1,0.0,37.73,37.21,5.0,-0.6
2022-06-29 08:20:00,16.24,15.11,166.4,32.86,,3.83,0.0,0.28,17.67,115.24,0.6,0.0,14.3,0.7,,20.04,14.84,32.98,18.8,9.89,,32.76,146.8,13.4,5.05,19.87,37.89,2.99,6.12,56.06,2.46,55.95,237.0,591.2,0.0,37.97,37.63,5.0,216.1
2022-06-29 08:25:00,15.98,13.73,157.0,34.41,21.77,3.79,370.9,0.26,16.75,114.94,0.63,0.0,13.75,0.74,26.86,20.35,14.27,34.12,,9.69,,33.95,140.6,13.14,4.71,19.88,38.99,3.11,5.88,56.0,2.35,55.87,237.1,570.6,0.0,39.06,37.78,5.0,47.1
2022-06-29 08:30:00,15.26,,139.0,34.88,27.69,3.33,469.3,0.24,,110.4,0.63,0.0,13.23,0.69,34.52,20.69,13.69,35.67,18.8,9.14,,35.5,128.8,12.41,4.3,19.9,40.66,2.91,5.01,55.97,2.15,55.89,237.1,555.5,0.0,40.69,37.12,4.9,-0.9
2022-06-29 08:35:00,14.72,13.82,137.6,34.57,28.89,0.0,465.6,0.23,17.32,110.39,0.0,0.0,12.76,0.16,34.58,21.02,13.19,,,,,34.98,127.6,,4.16,19.93,40.0,0.66,0.0,56.41,2.1,56.3,237.9,18.9,0.0,,36.6,4.0,221.6
2022-06-29 08:40:00,15.41,12.43,147.0,34.16,29.17,0.0,464.6,0.25,15.69,110.12,0.0,0.0,12.7,0.16,34.05,21.35,13.1,,19.3,,,,136.0,,4.46,19.97,,0.67,0.0,56.53,2.28,56.4,237.9,4.3,0.0,,35.75,4.0,197.7
2022-06-29 08:45:00,15.87,,162.8,33.75,29.11,0.0,463.4,0.27,,112.09,0.0,0.0,12.7,0.16,33.46,21.66,13.1,,,,,,148.2,,4.85,19.99,,0.67,0.0,56.62,2.45,56.48,238.0,4.0,0.0,,35.01,4.0,-0.4
2022-06-29 08:50:00,15.96,13.03,174.0,33.2,29.23,0.0,463.1,0.29,16.03,112.59,0.0,0.0,12.7,0.16,32.99,21.95,13.1,,19.4,,,,155.8,,5.11,20.0,,0.66,0.0,56.67,2.57,56.51,237.9,4.0,0.0,,34.4,4.0,238.9
2022-06-29 08:55:00,16.31,12.47,198.0,32.77,29.19,0.0,249.7,0.33,15.21,112.01,0.0,0.0,12.7,0.13,32.5,22.3,13.13,,,,,,177.6,,5.82,20.01,,0.56,0.0,56.75,2.95,56.62,238.0,3.6,0.0,,33.9,4.0,236.5
2022-06-29 09:00:00,16.37,,213.4,32.5,,0.0,6.4,0.36,,112.69,0.0,0.0,12.7,0.12,,22.65,13.18,,20.1,,33.1,,192.0,,6.32,20.01,,0.52,0.0,56.83,3.16,56.68,237.8,0.0,0.0,,33.63,4.0,-0.9
2022-06-29 09:05:00,16.38,13.06,205.4,32.4,,0.0,4.0,0.35,15.73,112.04,0.0,0.0,12.7,0.12,,23.04,13.22,,,,,,185.4,,6.1,20.0,,0.53,0.0,56.85,3.07,56.72,237.8,0.0,0.0,,33.53,4.0,242.3
2022-06-29 09:10:00,16.35,12.61,218.2,32.4,,0.0,4.0,0.36,14.95,112.96,0.0,0.0,12.81,0.12,,23.36,13.28,,20.6,,,,198.2,,6.41,20.0,,0.52,0.0,56.91,3.24,56.72,237.9,0.0,0.0,,33.51,4.0,174.9
2022-06-29 09:15:00,16.35,,226.4,32.36,,0.0,4.0,0.37,,112.75,0.0,0.0,12.9,0.12,,23.65,13.36,,,,,,206.4,,6.58,19.99,,0.5,0.0,56.95,3.37,56.81,237.9,0.0,0.0,,33.52,4.0,-0.6
2022-06-29 09:20:00,16.31,13.17,230.0,32.3,,0.0,1.6,0.39,15.71,112.71,0.0,0.0,12.9,0.12,,23.96,13.38,,20.9,,,,208.2,,6.78,19.98,,0.52,0.0,56.98,3.42,56.81,238.0,0.0,0.0,,33.51,4.0,253.8
2022-06-29 09:25:00,16.32,12.76,232.6,32.3,,0.0,0.0,0.39,15.08,113.71,0.0,0.0,13.05,0.12,,24.24,13.51,,,,,,208.4,,6.8,19.99,,0.5,0.0,57.02,3.49,56.86,238.0,0.0,0.0,,33.52,4.0,124.2
2022-06-29 09:30:00,16.34,,230.0,32.3,,0.0,0.0,0.39,,113.09,0.0,0.0,13.15,0.12,,24.4,13.64,,21.1,,,,208.0,,6.86,20.01,,0.52,0.0,57.05,3.45,56.89,238.0,0.0,0.0,,33.5,4.0,-1.1
2022-06-29 09:35:00,16.31,13.27,239.0,32.3,,0.0,0.0,0.4,15.88,113.39,0.0,0.0,13.2,0.12,,24.55,13.65,,,,,,215.56,,6.99,20.02,,0.55,0.0,57.07,3.56,56.9,238.0,0.0,0.0,,33.5,4.0,252.6
2022-06-29 09:40:00,16.35,12.94,213.0,32.3,25.67,0.0,30.7,0.36,15.16,112.3,0.0,0.0,13.44,0.12,27.98,24.77,13.88,,21.6,,,,187.6,,6.26,20.05,,0.52,0.0,57.06,3.24,56.89,237.8,0.0,0.0,,33.5,4.0,140.1
2022-06-29 09:45:00,16.35,,176.2,32.2,,0.0,6.2,0.31,,112.1,0.0,0.0,13.64,0.12,,24.97,14.1,,,,,,155.6,,5.41,20.08,,0.5,0.0,57.03,2.74,56.9,238.0,0.0,0.0,,33.5,4.0,-0.7
2022-06-29 09:50:00,16.34,13.48,165.6,32.2,,0.0,4.0,0.29,15.92,112.29,0.0,0.0,13.72,0.12,,25.12,14.19,,21.7,,,,146.4,,5.12,20.11,,0.52,0.0,57.01,2.56,56.88,238.0,0.0,0.0,,33.47,4.0,230.1
2022-06-29 09:55:00,16.37,13.25,167.0,32.2,,0.0,4.0,0.3,15.27,112.95,0.0,0.0,14.27,0.12,,25.2,14.74,,,,,,150.4,,5.21,20.16,,0.5,0.0,57.03,2.63,56.89,237.9,0.0,0.0,,33.47,4.0,261.5
2022-06-29 10:00:00,16.35,,175.4,32.2,,0.0,4.0,0.3,,112.28,0.0,0.0,14.77,0.12,,25.2,15.3,,21.8,,34.1,,154.0,,5.33,20.19,,0.52,0.0,57.04,2.67,56.9,238.0,0.0,0.0,,33.43,4.0,-0.7
2022-06-29 10:05:00,16.32,13.92,181.6,32.2,,0.0,2.0,0.32,15.8,110.61,0.0,0.0,14.92,0.14,,25.2,15.45,,,,,23.58,158.0,,5.52,20.22,25.84,0.6,0.0,57.05,2.84,56.9,238.0,85.1,0.0,,33.44,4.0,254.7
2022-06-29 10:10:00,16.34,14.21,183.4,32.2,,0.98,0.0,0.31,15.48,112.22,0.15,0.0,15.3,0.28,,25.14,15.78,32.53,22.2,17.92,,32.41,158.6,19.42,5.49,20.25,32.32,1.2,1.15,56.96,2.86,56.8,237.7,459.4,0.0,32.5,33.31,4.3,355.6
2022-06-29 10:15:00,16.31,,195.2,32.11,,3.87,0.0,0.33,,111.96,0.6,0.0,15.56,0.7,,25.1,16.02,32.94,,11.98,,32.73,171.6,15.23,5.85,20.29,37.6,2.92,6.18,56.57,3.0,56.41,236.9,585.7,0.0,37.65,33.82,5.0,-0.6
2022-06-29 10:20:00,16.26,14.74,181.2,32.1,,3.87,0.0,0.31,16.08,111.37,0.6,0.0,14.92,0.7,,25.16,15.49,33.01,22.6,10.14,,32.82,157.8,13.65,5.52,20.3,37.86,2.95,6.16,56.43,2.79,56.3,236.9,605.4,0.0,37.95,35.9,5.0,249.7
2022-06-29 10:25:00,16.0,13.88,184.6,32.1,,3.87,0.0,0.31,15.73,111.96,0.6,0.0,14.32,0.7,,25.28,14.86,33.1,,10.0,,32.82,160.4,13.54,5.57,20.33,37.99,2.97,6.13,56.36,2.79,56.21,236.9,599.8,0.0,38.1,37.18,5.0,430.4
2022-06-29 10:30:00,15.54,13.76,202.44,32.23,,3.8,0.0,0.35,15.52,111.9,0.6,0.0,13.86,0.7,,25.35,14.36,33.16,22.5,9.52,,32.92,176.2,12.97,6.22,20.37,37.96,2.95,6.04,56.33,3.12,56.2,237.1,595.7,0.0,38.12,37.76,5.0,27.9
2022-06-29 10:35:00,15.06,13.62,223.6,33.34,26.82,3.7,186.5,0.38,15.98,112.68,0.6,0.0,13.29,0.73,17.98,25.4,13.8,33.44,,8.93,,33.25,195.8,12.25,6.74,20.38,38.28,3.07,5.86,56.28,3.34,56.13,237.1,579.6,0.0,38.42,38.03,5.0,256.3
2022-06-29 10:40:00,14.97,12.37,221.8,34.8,29.77,3.7,472.1,0.38,15.0,112.02,0.65,0.0,12.79,0.75,35.89,25.53,13.25,34.63,22.7,8.9,,34.54,193.0,12.2,6.68,20.41,39.57,3.17,5.65,56.22,3.34,56.07,237.0,554.6,0.0,39.61,37.84,5.0,433.7
2022-06-29 10:45:00,14.63,12.16,214.4,35.2,32.22,3.65,473.0,0.36,14.55,111.19,0.7,0.0,12.5,0.78,35.54,25.77,12.91,36.17,,8.66,,36.02,182.0,11.92,6.43,20.42,41.13,3.27,5.44,56.15,3.26,56.02,237.1,553.2,0.0,41.19,37.76,5.0,93.1
2022-06-29 10:50:00,14.08,12.07,203.4,35.2,32.78,3.6,471.7,0.35,15.06,110.12,0.7,0.0,12.09,0.78,35.96,26.1,12.55,36.4,22.8,8.08,,36.2,172.6,11.2,6.25,20.42,41.34,3.28,5.31,56.08,3.17,55.95,237.0,544.9,0.0,41.4,38.46,5.0,261.6
2022-06-29 10:55:00,14.07,11.16,220.4,35.2,33.2,0.32,469.8,0.37,14.07,111.22,0.06,0.0,11.69,0.16,36.44,26.32,12.13,35.86,,9.58,,35.53,185.4,11.58,6.59,20.43,40.44,0.69,0.54,56.54,3.38,56.41,238.0,112.0,0.0,39.72,38.69,4.0,433.0
2022-06-29 11:00:00,14.16,11.17,227.4,35.2,33.83,0.0,469.4,0.38,13.59,110.35,0.0,0.0,11.6,0.16,36.09,26.53,12.01,,22.7,,35.52,,189.4,,6.75,20.44,,0.66,0.0,56.72,3.42,56.58,238.0,4.6,0.0,,37.91,4.0,164.1
2022-06-29 11:05:00,14.15,11.42,225.8,35.2,33.89,0.0,469.9,0.38,14.28,110.22,0.0,0.0,11.6,0.16,35.84,26.69,12.0,,,,,,185.6,,6.68,20.39,,0.67,0.0,56.79,3.44,56.64,238.0,4.0,0.0,,37.28,4.0,298.1
2022-06-29 11:10:00,14.28,11.25,244.8,35.1,33.91,0.0,468.0,0.4,13.61,109.77,0.0,0.0,11.61,0.16,35.56,26.84,12.07,,22.6,,,,203.2,,7.08,20.39,,0.66,0.0,56.88,3.63,56.71,237.9,4.0,0.0,,36.87,4.0,432.0
2022-06-29 11:15:00,14.3,11.46,304.8,34.98,34.04,0.0,468.8,0.51,13.54,109.72,0.0,0.0,11.8,0.16,35.45,27.08,12.26,,,,,,263.4,,8.96,20.37,,0.66,0.0,57.02,4.65,56.85,238.0,4.0,0.0,,36.53,4.0,121.7
2022-06-29 11:20:00,14.3,11.71,457.8,34.82,34.01,0.0,469.4,0.8,14.29,105.51,0.0,0.0,11.94,0.16,35.26,27.51,12.42,,22.6,,,,428.0,,13.97,20.35,,0.66,0.0,57.28,7.57,57.08,238.0,0.4,0.0,,36.29,4.0,294.0
2022-06-29 11:25:00,14.38,11.64,487.8,34.66,33.82,0.0,469.3,0.84,13.71,103.57,0.0,0.0,12.31,0.16,35.08,28.15,12.74,,,,,,466.4,,14.6,20.34,,0.66,0.0,57.42,8.14,57.21,238.0,0.0,0.0,,36.08,4.0,432.3
2022-06-29 11:30:00,14.4,12.03,572.0,34.5,34.74,0.0,470.2,0.93,13.77,111.14,0.0,0.0,12.92,0.16,35.01,28.87,13.34,,22.9,,,,559.4,,16.18,20.34,,0.66,0.0,57.55,8.4,57.34,238.0,0.0,0.0,,35.9,4.0,82.9
2022-06-29 11:35:00,14.4,12.32,474.8,34.4,34.11,0.0,469.6,0.81,14.44,109.09,0.0,0.0,13.19,0.16,35.05,29.51,13.64,,,,,,450.6,,14.17,20.34,,0.66,0.0,57.49,7.45,57.27,238.0,0.0,0.0,,35.78,4.0,261.7
2022-06-29 11:40:00,14.47,12.6,460.8,34.35,33.7,0.0,468.9,0.81,14.17,109.19,0.0,0.0,13.47,0.16,34.74,29.76,13.91,,23.6,,,,438.6,,14.01,20.39,,0.66,0.0,57.49,7.36,57.28,238.0,0.0,0.0,,35.64,4.0,433.2
2022-06-29 11:45:00,14.57,13.23,475.2,34.2,34.36,0.0,469.1,0.83,14.43,108.84,0.0,0.0,13.68,0.16,34.72,30.14,14.19,,,,,,458.2,,14.4,20.44,,0.66,0.0,57.53,7.6,57.33,237.9,0.0,0.0,,35.5,4.0,108.3
2022-06-29 11:50:00,14.62,13.46,468.0,34.12,33.81,0.0,469.3,0.81,15.07,108.92,0.0,0.0,13.79,0.16,34.54,30.53,14.3,,23.7,,,,452.0,,14.04,20.51,,0.66,0.0,57.52,7.42,57.33,238.0,0.0,0.0,,35.4,4.0,269.2
2022-06-29 11:55:00,14.81,13.58,491.8,34.05,34.28,0.0,468.4,0.86,14.89,108.81,0.0,0.0,13.87,0.17,34.49,30.67,14.39,,,,,30.27,482.8,,14.9,20.6,31.5,0.72,0.0,57.55,7.86,57.34,238.0,356.0,0.0,,35.24,4.0,432.9
2022-06-29 12:00:00,15.03,13.75,606.8,33.92,33.88,2.74,156.2,0.99,14.99,112.99,0.45,0.0,13.95,0.58,31.48,30.64,14.44,34.54,23.5,14.92,37.12,34.42,608.6,16.45,17.3,20.69,36.48,2.46,3.95,57.37,8.78,57.18,237.2,508.3,0.0,36.63,35.24,4.8,294.6
2022-06-29 12:05:00,15.1,13.67,675.78,33.83,,3.82,5.1,1.01,15.41,115.6,0.65,0.0,13.95,0.74,,30.54,14.4,34.69,,10.03,,34.58,687.56,13.46,17.69,20.79,39.84,3.14,5.87,57.23,8.77,56.99,237.0,589.4,0.0,39.84,36.38,5.0,303.6
2022-06-29 12:10:00,15.04,13.06,643.0,33.8,,3.77,4.0,0.97,15.03,113.17,0.65,0.0,13.56,0.74,,30.93,14.05,34.71,23.8,9.5,,34.61,645.2,12.89,17.01,20.89,39.74,3.14,5.77,57.18,8.61,56.95,236.9,586.0,0.0,39.74,38.38,5.0,433.6
2022-06-29 12:15:00,14.77,12.64,620.8,33.8,,3.71,4.0,0.95,14.65,110.71,0.68,0.0,13.18,0.74,,31.28,13.63,34.8,,9.19,,34.67,621.0,12.56,16.67,20.97,39.78,3.12,5.72,57.14,8.62,56.93,237.0,576.0,0.0,39.79,39.22,5.0,433.3
2022-06-29 12:20:00,14.48,12.26,565.0,34.11,,3.68,4.0,0.96,14.36,105.84,0.7,0.0,12.82,0.74,,31.68,13.25,34.9,24.0,8.91,,34.8,565.2,12.24,16.72,21.04,39.86,3.12,5.65,57.13,9.02,56.9,237.0,569.9,0.0,39.86,39.58,5.0,432.5
2022-06-29 12:25:00,14.22,11.91,519.2,35.51,,3.66,1.2,0.9,14.11,106.04,0.7,0.0,12.51,0.74,,32.05,12.93,35.39,,8.71,,35.22,521.4,11.95,15.75,21.1,40.32,3.12,5.52,57.08,8.34,56.89,236.9,558.7,0.0,40.36,39.89,5.0,434.6
2022-06-29 12:30:00,13.92,11.55,850.6,37.01,,3.61,0.0,1.02,13.84,118.47,0.7,0.0,12.2,0.77,,32.18,12.64,36.92,24.2,8.52,,36.78,890.4,11.69,17.77,21.14,41.8,3.22,5.31,57.14,8.6,56.93,236.9,536.6,0.0,41.91,40.21,5.0,434.8
2022-06-29 12:35:00,13.67,11.24,780.4,37.71,,3.6,0.0,0.97,13.63,111.28,0.7,0.0,11.95,0.78,,32.62,12.4,38.35,,8.35,,38.16,814.6,11.48,16.97,21.18,43.27,3.28,5.1,57.11,8.74,56.88,237.0,531.4,0.0,43.34,41.17,5.0,435.8
2022-06-29 12:40:00,13.43,10.99,538.6,38.09,,3.57,0.0,0.93,13.44,108.46,0.7,0.0,11.68,0.8,,32.8,12.12,39.07,24.7,8.21,,38.9,560.2,11.24,16.22,21.22,44.04,3.33,5.0,57.04,8.46,56.85,236.9,529.4,0.0,44.07,42.37,5.0,436.1
2022-06-29 12:45:00,13.21,10.75,501.8,38.36,33.75,3.5,95.5,0.89,13.24,108.15,0.7,0.0,11.46,0.81,12.37,32.72,11.88,39.46,,8.01,,39.32,528.8,11.02,15.53,21.23,44.43,3.45,4.92,56.99,8.17,56.79,236.9,533.5,0.0,44.47,43.33,5.0,437.3
2022-06-29 12:50:00,13.0,10.51,533.8,38.82,35.07,3.5,478.0,0.93,13.02,110.14,0.7,0.0,11.21,0.82,40.82,32.29,11.66,39.75,25.0,7.73,,39.61,561.6,10.7,16.35,21.26,44.66,3.45,4.88,57.0,8.42,56.77,237.0,531.6,0.0,44.72,43.4,5.0,437.0
2022-06-29 12:55:00,12.77,10.27,610.6,39.57,35.18,3.48,476.2,0.91,12.87,113.24,0.7,0.0,11.0,0.83,40.59,31.64,11.45,40.34,,7.54,,40.19,655.4,10.49,16.0,21.29,45.25,3.5,4.76,56.98,7.94,56.77,237.1,516.1,0.0,45.32,42.75,5.0,437.5
2022-06-29 13:00:00,12.6,10.04,1003.8,39.87,37.08,2.07,475.2,1.03,12.7,122.29,0.42,0.0,10.77,0.57,40.49,31.33,11.23,41.06,25.2,7.88,40.4,40.82,1081.0,10.36,18.0,21.32,45.91,2.44,2.8,57.25,8.43,57.05,237.5,366.6,0.0,45.93,42.5,4.6,438.7
2022-06-29 13:05:00,12.5,9.95,1087.8,39.9,42.06,0.0,433.7,1.04,12.55,120.24,0.0,0.0,10.6,0.15,41.14,31.82,11.11,,,,,,1154.8,,18.0,21.33,,0.64,0.0,57.73,8.64,57.52,237.9,8.3,0.0,,42.31,4.0,439.1
2022-06-29 13:10:00,12.6,10.11,919.4,39.86,40.92,0.0,12.0,1.04,12.5,114.48,0.0,0.0,10.6,0.12,39.95,32.63,11.1,,24.8,,,,962.2,,17.93,21.34,,0.52,0.0,57.83,9.07,57.58,237.9,4.0,0.0,,42.28,4.0,438.4
2022-06-29 13:15:00,12.75,10.24,542.8,39.8,,0.0,4.2,0.92,12.54,103.26,0.0,0.0,10.72,0.12,,33.07,11.24,,,,,,558.4,,15.89,21.36,,0.5,0.0,57.76,8.87,57.54,237.9,4.0,0.0,,42.26,4.0,439.1
2022-06-29 13:20:00,12.91,10.49,783.6,39.8,,0.0,4.0,1.04,12.7,117.44,0.0,0.0,11.07,0.12,,33.0,11.54,,25.1,,,,806.8,,17.99,21.38,,0.52,0.0,57.86,8.81,57.63,237.9,4.0,0.0,,42.26,4.0,440.4
2022-06-29 13:25:00,13.02,10.84,647.2,39.8,,0.0,4.0,0.96,12.86,109.47,0.0,0.0,11.54,0.12,,33.0,11.97,,,,,,657.8,,16.53,21.4,,0.5,0.0,57.82,8.71,57.59,237.9,2.4,0.0,,42.24,4.0,440.9
2022-06-29 13:30:00,13.13,11.29,474.67,39.8,35.83,0.0,287.8,0.81,13.1,106.42,0.0,0.0,12.0,0.15,36.74,32.89,12.43,,25.6,,,,478.67,,14.12,21.43,,0.61,0.0,57.72,7.66,57.52,238.0,0.0,0.0,,42.18,4.0,440.3
2022-06-29 13:35:00,13.31,11.72,428.0,39.8,37.25,0.0,476.3,0.75,13.38,107.93,0.0,0.0,12.32,0.16,40.67,32.63,12.76,,,,,,427.0,,13.04,21.47,,0.66,0.0,57.67,6.99,57.46,238.0,0.0,0.0,,41.81,4.0,440.6
2022-06-29 13:40:00,13.51,12.11,421.6,39.66,35.87,0.0,473.1,0.75,13.69,109.14,0.0,0.0,12.55,0.16,40.07,32.24,13.01,,25.2,,,,415.4,,13.09,21.52,,0.66,0.0,57.67,6.91,57.47,238.0,0.0,0.0,,41.2,4.0,441.0
2022-06-29 13:45:00,13.75,12.3,863.4,39.27,35.47,0.0,471.8,1.0,13.95,121.06,0.0,0.0,12.71,0.16,39.42,31.85,13.18,,,,,,887.8,,17.23,21.59,,0.66,0.0,57.92,8.26,57.67,238.0,0.0,0.0,,40.48,4.0,442.1
2022-06-29 13:50:00,14.0,12.5,987.6,38.75,37.44,0.0,473.3,0.93,14.12,121.65,0.0,0.0,12.85,0.16,38.97,31.7,13.33,,25.5,,,,1044.8,,15.98,21.65,,0.66,0.0,57.94,7.61,57.68,238.0,0.0,0.0,,40.04,4.0,441.6
2022-06-29 13:55:00,14.22,12.61,597.8,38.48,37.52,0.0,473.4,0.87,14.25,111.29,0.0,0.0,13.02,0.16,38.97,31.68,13.5,,,,,,633.2,,15.07,21.7,,0.66,0.0,57.93,7.92,57.72,238.0,0.0,0.0,,39.82,4.0,441.5
2022-06-29 14:00:00,14.42,12.83,616.4,38.29,37.43,0.0,473.2,0.82,14.4,119.19,0.0,0.0,13.19,0.16,38.75,31.6,13.67,,25.3,,39.67,,652.6,,14.07,21.77,,0.67,0.0,57.94,6.84,57.74,237.9,0.0,0.0,,39.6,4.0,442.4
2022-06-29 14:05:00,14.59,12.97,575.2,38.14,38.46,0.0,473.1,0.76,14.55,119.36,0.0,0.0,13.39,0.16,38.62,31.82,13.87,,,,,,592.6,,13.07,21.82,,0.67,0.0,57.93,6.34,57.75,238.0,0.0,0.0,,39.42,4.0,442.3
2022-06-29 14:10:00,14.75,13.2,584.4,37.98,37.24,0.6,473.6,0.77,14.72,119.67,0.1,0.0,13.61,0.28,38.58,32.14,14.09,37.98,26.0,18.03,,37.94,603.6,19.08,13.22,21.9,37.43,1.19,1.43,57.91,6.39,57.7,237.7,429.0,0.0,37.49,39.18,4.2,442.5
2022-06-29 14:15:00,14.96,13.38,823.4,37.77,37.57,3.65,476.7,1.04,14.92,119.43,0.7,0.0,13.84,0.81,38.16,32.28,14.33,38.75,,11.51,,38.55,855.6,14.57,18.0,21.97,43.07,3.44,5.17,57.61,8.69,57.38,237.4,603.7,0.0,43.15,39.33,5.0,443.1
2022-06-29 14:20:00,15.0,13.27,855.8,37.63,38.48,3.75,159.8,1.04,15.03,119.11,0.7,0.0,13.83,0.79,28.01,32.54,14.33,38.8,25.4,9.92,,38.59,885.2,13.31,18.0,22.06,43.56,3.33,5.31,57.53,8.7,57.33,237.1,582.1,0.0,43.71,40.68,5.0,443.9
2022-06-29 14:25:00,14.85,12.91,379.33,37.6,,3.71,5.2,0.59,14.96,104.66,0.7,0.0,13.51,0.78,,32.97,13.97,38.83,,9.64,,38.58,401.8,12.97,10.35,22.13,43.63,3.3,5.23,57.16,5.61,56.91,236.9,574.2,0.0,43.78,42.39,5.0,445.2
2022-06-29 14:30:00,14.69,12.54,389.2,37.63,,3.7,4.0,0.58,14.77,110.92,0.7,0.0,13.14,0.78,,33.1,13.62,38.92,26.0,9.39,,38.68,388.8,12.71,10.23,22.19,43.82,3.28,5.2,56.91,5.11,56.75,237.1,561.7,0.0,43.92,43.16,5.0,444.4
2022-06-29 14:35:00,14.49,12.22,874.4,38.18,,3.64,4.0,1.03,14.56,121.03,0.7,0.0,12.83,0.79,,33.1,13.28,39.07,,9.18,,38.82,882.6,12.45,18.0,22.23,43.93,3.37,5.13,57.2,8.51,56.98,237.0,553.5,0.0,44.05,43.57,5.0,444.9
2022-06-29 14:40:00,14.31,11.9,883.0,39.47,35.56,3.61,241.1,1.03,14.33,120.13,0.7,0.0,12.62,0.82,23.55,33.1,13.07,39.59,26.7,8.98,,39.41,885.4,12.19,18.0,22.27,44.47,3.44,5.04,57.25,8.58,57.06,237.0,545.3,0.0,44.57,43.82,5.0,444.5
2022-06-29 14:45:00,14.08,11.63,885.0,40.79,37.87,3.6,481.9,1.03,14.14,119.89,0.72,0.0,12.38,0.86,42.01,32.93,12.8,41.08,,8.77,,40.9,884.0,11.89,18.0,22.29,45.92,3.62,4.84,57.27,8.6,57.06,237.2,517.9,0.0,45.95,43.71,5.0,445.4
2022-06-29 14:50:00,13.87,11.39,284.0,41.19,39.09,3.55,480.7,0.46,13.93,105.98,0.8,0.0,12.12,0.86,41.85,32.79,12.57,42.36,26.4,8.66,,42.08,281.0,11.74,8.04,22.3,47.7,3.62,4.63,56.81,4.22,56.64,237.2,472.8,0.0,47.4,43.68,5.0,445.5
2022-06-29 14:55:00,13.69,11.13,698.6,41.2,37.92,3.5,476.1,0.9,13.75,117.74,0.8,0.0,11.87,0.86,41.97,32.64,12.33,42.67,,8.55,,42.36,687.0,11.55,15.83,22.32,47.98,3.62,4.6,56.93,7.57,56.73,236.9,480.0,0.0,47.67,44.18,5.0,445.2
2022-06-29 15:00:00,13.5,10.93,796.6,41.2,41.06,3.5,478.2,1.03,13.6,117.89,0.8,0.0,11.68,0.86,42.33,32.73,12.13,42.7,26.3,8.35,44.07,42.4,778.6,11.38,18.0,22.34,48.02,3.62,4.59,57.07,8.72,56.87,237.0,477.1,0.0,47.68,44.72,5.0,444.9
2022-06-29 15:05:00,13.35,10.74,466.8,41.22,39.81,3.5,478.5,0.65,13.44,109.46,0.8,0.0,11.49,0.86,43.0,33.07,11.96,42.74,,8.25,,42.45,452.4,11.23,11.49,22.33,48.0,3.64,4.57,56.79,5.8,56.61,237.1,481.3,0.0,47.72,45.43,5.0,446.0
2022-06-29 15:10:00,13.18,10.56,858.6,41.44,42.0,3.5,479.5,1.03,13.31,118.67,0.8,0.0,11.31,0.86,43.26,33.31,11.76,42.85,26.8,8.1,,42.59,834.6,11.05,18.0,22.32,48.15,3.64,4.53,57.02,8.65,56.81,237.0,479.0,0.0,47.84,45.61,5.0,445.8
2022-06-29 15:15:00,13.02,10.39,842.6,41.9,42.04,3.5,146.11,1.03,13.13,117.13,0.8,0.0,11.13,0.86,31.6,33.97,11.58,43.08,,8.02,,42.82,810.0,10.97,18.0,22.3,48.42,3.62,4.5,57.06,8.77,56.85,237.3,469.3,0.0,48.08,46.14,4.9,446.6
2022-06-29 15:20:00,12.87,10.27,822.6,42.36,,3.5,5.5,1.03,13.02,115.83,0.8,0.0,10.95,0.86,,34.78,11.43,43.51,27.0,8.06,,43.29,780.2,10.99,18.0,22.3,48.87,3.62,4.46,57.09,8.87,56.89,237.1,465.8,0.0,48.49,47.06,4.9,446.6
2022-06-29 15:25:00,12.73,10.12,816.0,42.76,,3.49,4.0,1.03,12.9,115.62,0.8,0.0,10.83,0.86,,35.46,11.33,43.88,,7.96,,43.75,768.6,10.85,18.0,22.29,49.3,3.62,4.4,57.11,8.89,56.89,237.0,465.9,0.0,48.87,48.01,5.0,446.7
2022-06-29 15:30:00,12.62,9.99,803.0,43.16,,3.46,4.0,1.03,12.79,115.92,0.8,0.0,10.72,0.86,,36.06,11.19,44.26,27.1,7.87,,44.16,752.8,10.74,18.0,22.27,49.69,3.62,4.36,57.12,8.87,56.9,236.9,462.6,0.0,49.26,48.69,4.9,447.5
2022-06-29 15:35:00,12.52,9.87,803.0,43.67,39.56,3.42,244.8,1.03,12.7,117.18,0.8,0.0,10.59,0.89,27.62,36.47,11.09,44.63,,7.74,,44.54,747.2,10.55,18.0,22.25,50.15,3.75,4.31,57.12,8.77,56.89,236.9,455.1,0.0,49.62,49.13,4.9,448.5
2022-06-29 15:40:00,12.42,9.76,542.6,44.52,40.08,3.4,481.9,0.81,12.61,111.4,0.8,0.0,10.47,0.9,46.41,36.5,10.99,45.21,27.4,7.58,,45.11,501.0,10.32,14.18,22.23,50.65,3.78,4.23,56.91,7.13,56.71,236.9,448.7,0.0,50.16,48.47,5.0,448.2
2022-06-29 15:45:00,12.29,9.63,788.6,45.14,42.44,3.4,484.8,1.03,12.51,117.06,0.8,0.0,10.36,0.92,46.02,36.5,10.87,46.07,,7.5,,45.99,726.0,10.22,18.0,22.23,51.56,3.9,4.15,57.03,8.77,56.82,237.1,437.3,0.0,51.06,47.77,5.0,449.2
2022-06-29 15:50:00,12.18,9.54,793.8,45.2,44.09,3.4,484.9,1.03,12.41,116.22,0.8,0.0,10.24,0.94,46.27,36.41,10.78,46.16,27.6,7.46,,46.53,721.2,10.15,18.0,22.24,51.75,3.92,4.12,57.03,8.83,56.82,236.9,482.4,0.0,51.24,48.14,4.9,449.3
2022-06-29 15:55:00,12.08,9.47,778.2,45.2,45.15,3.4,483.3,1.03,12.35,115.36,0.8,0.0,10.13,0.94,46.73,36.3,10.67,46.24,,7.4,,46.6,698.4,10.1,18.0,22.25,51.71,3.94,4.11,57.05,8.9,56.81,236.8,487.1,0.0,51.25,48.91,5.0,449.0
2022-06-29 16:00:00,12.0,9.36,757.4,45.2,45.33,3.4,482.8,1.02,12.27,113.81,0.8,0.0,10.03,0.93,47.2,36.32,10.58,46.33,27.8,7.33,47.45,46.68,672.8,10.01,17.9,22.26,51.75,3.95,4.1,57.05,8.98,56.81,236.9,489.3,0.0,51.32,49.39,5.0,450.2
2022-06-29 16:05:00,11.94,9.26,664.6,45.41,46.02,3.4,484.9,0.91,12.2,111.97,0.8,0.0,9.97,0.94,47.6,36.75,10.5,46.46,,7.3,,46.84,584.0,9.98,16.04,22.28,51.88,3.94,4.1,56.99,8.09,56.76,236.9,487.0,0.0,51.47,49.67,5.0,449.2
2022-06-29 16:10:00,11.86,9.18,652.0,45.92,44.75,3.4,483.6,0.88,12.15,112.73,0.8,0.0,9.9,0.94,47.89,37.17,10.41,46.73,27.2,7.21,,47.13,566.6,9.9,15.52,22.28,52.2,3.95,4.09,56.92,7.73,56.74,237.1,478.9,0.0,51.73,49.77,5.0,450.5
2022-06-29 16:15:00,11.8,9.15,455.4,46.41,44.27,3.4,482.5,0.68,12.07,109.91,0.8,0.0,9.83,0.94,47.93,37.29,10.37,47.16,,7.2,,47.57,388.6,9.85,12.01,22.29,52.64,3.95,4.01,56.67,6.11,56.48,237.0,475.6,0.0,52.17,49.7,5.0,451.3
2022-06-29 16:20:00,11.73,9.03,725.56,46.68,45.15,3.37,485.2,1.02,12.02,114.37,0.8,0.0,9.79,0.94,47.9,37.3,10.26,47.58,27.4,7.16,,48.0,607.78,9.8,18.0,22.29,53.08,3.95,4.0,56.89,8.95,56.72,237.1,473.6,0.0,52.59,49.72,5.0,451.0
2022-06-29 16:25:00,11.64,9.0,315.8,46.77,44.91,3.33,484.5,0.5,11.98,103.36,0.8,0.0,9.7,0.94,48.16,37.3,10.2,47.85,,7.1,,48.28,259.0,9.8,8.83,22.29,53.34,3.95,3.93,56.53,4.78,56.39,237.3,477.6,0.0,52.85,49.72,5.0,451.8
2022-06-29 16:30:00,11.6,8.91,656.2,46.8,43.76,3.35,482.2,0.95,11.89,113.51,0.81,0.0,9.68,0.94,48.18,37.3,10.2,47.95,27.3,7.1,,48.39,546.8,9.71,16.71,22.27,53.39,3.97,3.94,56.74,8.3,56.55,236.9,476.7,0.0,52.91,49.8,5.0,452.0
2022-06-29 16:35:00,11.56,8.9,689.4,46.85,44.71,3.32,483.3,1.02,11.84,112.69,0.81,0.0,9.6,0.94,48.18,37.31,10.12,48.0,,7.0,,48.42,564.0,9.7,18.0,22.26,53.55,3.97,3.92,56.83,9.08,56.64,237.0,477.8,0.0,53.04,49.76,5.0,451.5
2022-06-29 16:40:00,11.5,8.84,676.0,46.96,45.49,3.32,484.3,1.02,11.81,110.97,0.85,0.0,9.6,0.94,48.36,37.6,10.1,48.07,27.2,7.0,,48.47,551.4,9.61,18.0,22.25,53.53,3.98,3.92,56.84,9.22,56.65,236.9,472.4,0.0,53.06,49.97,5.0,452.2
2022-06-29 16:45:00,11.49,8.8,653.8,47.0,46.27,0.33,482.0,1.03,11.76,108.72,0.09,0.0,9.5,0.23,48.84,37.93,10.06,47.39,,8.52,,47.63,518.2,9.94,18.0,22.22,52.59,0.99,0.39,57.38,9.5,57.18,237.8,122.4,0.0,51.43,50.01,4.1,452.3
2022-06-29 16:50:00,11.58,8.92,650.8,47.02,45.79,0.0,480.9,1.04,11.7,108.1,0.0,0.0,9.5,0.16,48.56,38.08,10.06,,28.3,,,,506.2,,18.0,22.2,,0.66,0.0,57.77,9.62,57.55,238.0,4.8,0.0,,49.64,4.0,452.1
2022-06-29 16:55:00,11.83,9.06,643.0,47.1,45.15,0.0,479.5,0.79,11.78,115.96,0.0,0.0,9.59,0.16,48.17,38.4,10.17,,,,,,491.2,,13.56,22.19,,0.67,0.0,57.94,6.8,57.75,238.0,4.0,0.0,,49.11,4.0,451.7
2022-06-29 17:00:00,12.0,9.31,615.8,46.94,44.79,0.0,479.5,0.53,11.92,119.86,0.0,0.0,9.89,0.16,47.74,38.77,10.48,,27.7,,45.8,,465.0,,9.2,22.17,,0.66,0.0,57.93,4.41,57.76,237.8,4.0,0.0,,48.57,4.0,452.2
2022-06-29 17:05:00,12.22,9.69,601.4,46.6,44.71,0.0,479.5,0.43,12.07,120.65,0.0,0.0,10.35,0.16,47.36,38.97,10.88,,,,,,453.2,,7.5,22.18,,0.67,0.0,57.94,3.6,57.78,238.0,4.0,0.0,,48.1,4.0,453.1
2022-06-29 17:10:00,12.39,10.15,588.0,46.22,44.14,0.0,479.4,0.37,12.32,121.3,0.0,0.0,10.85,0.16,46.95,38.69,11.37,,27.7,,,,436.2,,6.42,22.18,,0.66,0.0,57.94,3.07,57.76,238.0,0.8,0.0,,47.7,4.0,453.4
2022-06-29 17:15:00,12.57,10.63,585.2,45.69,44.14,0.0,479.7,0.32,12.66,122.04,0.0,0.0,11.32,0.16,46.47,38.41,11.82,,,,,,420.6,,5.44,22.19,,0.66,0.0,57.94,2.58,57.75,238.0,0.0,0.0,,47.32,4.0,454.1
2022-06-29 17:20:00,12.81,11.06,574.6,45.37,44.25,0.0,479.4,0.26,12.99,122.62,0.0,0.0,11.65,0.16,46.22,38.28,12.14,,27.7,,,,401.4,,4.51,22.22,,0.66,0.0,57.94,2.13,57.75,237.9,0.0,0.0,,46.97,4.0,453.9
2022-06-29 17:25:00,13.05,11.4,559.2,45.1,44.27,0.0,478.9,0.22,13.3,122.85,0.0,0.0,11.9,0.16,45.86,38.2,12.39,,,,,,382.8,,3.84,22.27,,0.66,0.0,57.94,1.81,57.76,238.0,0.0,0.0,,46.67,4.0,453.7
2022-06-29 17:30:00,13.38,11.59,546.67,44.82,42.0,0.0,477.7,0.2,13.52,123.61,0.0,0.0,12.1,0.16,45.59,38.11,12.56,,28.3,,,,368.22,,3.38,22.31,,0.66,0.0,57.94,1.59,57.75,238.0,0.0,0.0,,46.34,4.0,454.3
2022-06-29 17:35:00,13.63,11.83,531.33,44.45,41.42,0.0,477.5,0.18,13.73,123.86,0.0,0.0,12.3,0.16,44.87,37.9,12.8,,,,,,351.0,,3.15,22.38,,0.66,0.0,57.94,1.47,57.75,238.0,0.0,0.0,,45.82,4.0,453.5
2022-06-29 17:40:00,13.9,12.05,515.4,43.93,41.73,0.0,477.8,0.18,13.94,123.44,0.0,0.0,12.52,0.17,44.47,37.95,12.99,,28.1,,,40.37,334.0,,3.19,22.43,41.67,0.72,0.0,57.93,1.5,57.75,238.0,364.4,0.0,,45.23,4.0,454.8
2022-06-29 17:45:00,14.11,12.25,505.0,43.6,40.73,3.23,478.29,0.61,14.14,110.77,0.65,0.0,12.76,0.77,43.9,37.97,13.22,44.68,,13.99,,44.33,318.25,16.3,10.61,22.5,46.89,3.33,4.01,57.68,5.61,57.49,237.0,412.38,0.0,47.08,44.86,4.88,454.88
2022-06-29 17:50:00,14.3,12.34,482.0,43.1,39.27,3.64,477.5,0.64,14.36,108.07,0.8,0.0,13.0,0.9,43.36,37.6,13.5,44.36,28.1,9.74,,44.26,294.25,12.9,11.14,22.6,49.64,3.78,4.58,57.21,5.89,57.02,237.12,498.88,0.0,49.22,45.06,5.0,455.12
2022-06-29 17:55:00,14.26,12.2,466.22,42.91,39.98,3.6,477.7,0.6,14.38,108.34,0.8,0.0,12.96,0.9,43.49,37.5,13.38,44.23,,9.36,,44.09,276.89,12.49,10.53,22.65,49.57,3.8,4.55,56.99,5.59,56.81,237.2,500.2,0.0,49.21,45.84,5.0,454.9
2022-06-29 18:00:00,14.14,11.96,457.56,42.8,39.77,3.6,479.5,0.57,14.31,107.88,0.8,0.0,12.71,0.9,43.85,37.58,13.16,44.2,28.7,9.15,44.18,44.06,264.0,12.23,10.09,22.74,49.67,3.78,4.5,56.81,5.32,56.66,237.0,487.4,0.0,49.2,46.31,5.0,455.9
2022-06-29 18:05:00,14.02,11.69,440.6,42.8,39.73,3.59,479.0,0.52,14.19,106.89,0.8,0.0,12.43,0.9,44.03,37.7,12.89,44.2,,8.99,,44.1,245.0,12.04,9.21,22.79,49.65,3.78,4.5,56.65,4.97,56.52,236.9,486.7,0.0,49.2,46.4,5.0,454.8
2022-06-29 18:10:00,13.86,11.46,421.0,42.87,39.75,3.55,479.8,0.48,14.02,98.81,0.8,0.0,12.17,0.9,44.1,37.55,12.62,44.21,29.0,8.84,,44.1,222.4,11.89,8.56,22.86,49.64,3.78,4.46,56.54,4.9,56.4,237.2,486.1,0.0,49.2,46.4,5.0,454.6
2022-06-29 18:15:00,13.75,11.24,408.2,43.14,39.58,3.53,479.3,0.43,13.86,104.85,0.8,0.0,11.96,0.9,44.25,37.31,12.4,44.35,,8.73,,44.26,209.2,11.76,7.62,22.92,49.84,3.78,4.44,56.44,4.06,56.31,236.8,480.8,0.0,49.36,46.46,5.0,454.5
2022-06-29 18:20:00,13.6,11.03,448.0,43.27,39.32,3.51,479.9,0.38,13.72,106.03,0.8,0.0,11.79,0.9,44.17,36.86,12.24,44.61,28.5,8.59,,44.53,191.33,11.58,6.67,22.96,50.06,3.78,4.41,56.36,3.52,56.21,236.9,476.1,0.0,49.58,46.4,5.0,454.7
2022-06-29 18:25:00,13.45,10.87,377.8,43.3,40.3,3.5,478.67,0.34,13.63,104.42,0.8,0.0,11.63,0.9,44.27,36.71,12.06,44.79,,8.47,,44.64,174.2,11.46,6.07,23.01,50.32,3.78,4.38,56.31,3.29,56.21,237.0,466.7,0.0,49.81,46.47,5.0,454.5
2022-06-29 18:30:00,13.3,10.67,363.0,43.3,39.63,3.5,478.2,0.32,13.46,103.55,0.8,0.0,11.46,0.9,44.41,36.89,11.91,44.8,28.2,8.37,,44.7,159.4,11.31,5.64,23.05,50.24,3.78,4.39,56.28,3.09,56.12,236.8,479.9,0.0,49.8,46.69,5.0,454.2
2022-06-29 18:35:00,13.16,10.54,347.0,43.38,40.42,3.5,478.5,0.28,13.36,102.94,0.8,0.0,11.3,0.9,44.42,37.02,11.77,44.86,,8.22,,44.76,141.6,11.16,5.07,23.08,50.29,3.78,4.35,56.24,2.77,56.12,237.0,470.5,0.0,49.83,46.72,5.0,454.0
2022-06-29 18:40:00,13.04,10.41,335.6,43.44,41.39,3.5,477.6,0.26,13.23,106.08,0.8,0.0,11.14,0.9,44.71,37.18,11.62,44.9,28.7,8.13,,44.81,124.2,11.06,4.7,23.1,50.41,3.78,4.33,56.21,2.51,56.12,236.9,471.4,0.0,49.93,46.95,5.0,454.6
2022-06-29 18:45:00,12.92,10.29,327.78,43.55,40.62,3.48,477.8,0.24,13.11,107.06,0.8,0.0,11.03,0.9,44.94,37.27,11.5,44.96,,8.03,,44.9,112.8,10.92,4.3,23.12,50.44,3.78,4.32,56.19,2.26,56.09,237.1,467.7,0.0,49.94,47.26,5.0,454.7
2022-06-29 18:50:00,12.81,10.13,419.2,43.69,39.0,3.46,478.3,0.22,12.99,108.44,0.8,0.0,10.87,0.9,44.87,36.85,11.36,45.13,28.5,7.93,,45.01,97.11,10.79,3.87,23.12,50.61,3.8,4.29,56.16,2.05,56.04,237.1,461.8,0.0,50.11,47.07,4.9,455.0
2022-06-29 18:55:00,12.68,10.06,346.6,43.84,37.65,3.46,477.7,0.2,12.91,109.72,0.8,0.0,10.76,0.9,44.55,36.2,11.25,45.24,,7.84,,45.16,70.8,10.67,3.51,23.13,50.69,3.78,4.27,56.12,1.8,56.03,237.1,464.5,0.0,50.23,46.71,5.0,454.1
2022-06-29 19:00:00,12.61,9.91,324.0,43.88,39.68,3.43,477.7,0.17,12.81,110.34,0.8,0.0,10.64,0.9,44.36,36.0,11.15,45.28,28.3,7.74,43.91,45.17,56.4,10.54,3.04,23.14,50.82,3.78,4.26,56.1,1.54,56.03,236.9,458.6,0.0,50.28,46.46,5.0,453.9
2022-06-29 19:05:00,12.52,9.79,297.33,43.77,39.38,3.41,477.1,0.16,12.7,105.17,0.8,0.0,10.53,0.9,44.49,36.08,11.05,45.2,,7.65,,45.05,55.2,10.44,2.76,23.13,50.72,3.78,4.26,56.08,1.51,55.97,236.9,457.7,0.0,50.2,46.74,5.0,454.4
2022-06-29 19:10:00,12.37,9.66,258.6,43.7,38.09,3.4,478.1,0.14,12.62,110.62,0.8,0.0,10.42,0.9,44.36,35.9,10.93,45.12,28.4,7.56,,45.03,53.78,10.34,2.52,23.11,50.62,3.78,4.25,56.06,1.28,55.95,237.2,462.2,0.0,50.12,46.69,5.0,454.2
2022-06-29 19:15:00,12.28,9.6,234.0,43.66,38.04,3.4,477.1,0.13,12.53,108.12,0.8,0.0,10.31,0.9,44.19,35.55,10.84,45.07,,7.42,,44.94,51.8,10.21,2.29,23.1,50.6,3.78,4.24,56.03,1.2,55.95,237.0,456.7,0.0,50.07,46.43,5.0,455.0
2022-06-29 19:20:00,12.2,9.48,292.0,43.55,38.07,3.4,475.9,0.12,12.43,105.33,0.8,0.0,10.19,0.9,44.04,35.37,10.73,44.94,28.1,7.34,,44.81,50.67,10.09,2.12,23.07,50.41,3.8,4.25,56.0,1.12,55.95,236.9,460.0,0.0,49.93,46.26,5.0,454.7
2022-06-29 19:25:00,12.08,9.39,206.2,43.44,37.99,3.4,475.8,0.11,12.35,102.62,0.8,0.0,10.08,0.9,43.94,35.18,10.61,44.84,,7.25,,44.72,48.6,10.0,1.92,23.04,50.35,3.8,4.23,55.98,1.04,55.87,237.1,456.0,0.0,49.86,46.17,4.9,454.5
2022-06-29 19:30:00,12.0,9.3,193.8,43.33,38.11,3.4,477.0,0.1,12.25,101.67,0.8,0.0,9.99,0.89,43.82,35.08,10.52,44.73,28.2,7.11,,44.56,47.2,9.9,1.76,23.0,50.18,3.77,4.24,55.95,0.97,55.87,237.1,457.4,0.0,49.73,46.1,4.9,454.6
2022-06-29 19:35:00,11.92,9.2,182.4,43.22,37.63,0.0,473.6,0.09,12.16,101.11,0.0,0.0,9.9,0.16,43.85,34.83,10.45,,,,,43.78,46.4,,1.61,22.96,49.28,0.66,0.0,56.45,0.92,56.36,238.0,44.4,0.0,,45.67,4.0,455.2
2022-06-29 19:40:00,12.02,9.34,168.6,42.89,38.16,0.0,473.5,0.09,12.1,99.67,0.0,0.0,9.9,0.16,43.29,34.8,10.45,,28.3,,,,44.2,,1.52,22.91,,0.67,0.0,56.52,0.87,56.44,238.0,4.4,0.0,,44.63,4.0,454.1
2022-06-29 19:45:00,12.24,9.53,155.6,42.43,38.43,0.0,473.2,0.08,12.16,99.42,0.0,0.0,9.98,0.16,42.7,34.8,10.58,,,,,,42.2,,1.48,22.86,,0.66,0.0,56.56,0.84,56.47,238.0,4.0,0.0,,43.82,4.0,455.0
2022-06-29 19:50:00,12.45,9.75,142.8,41.91,38.2,0.0,472.7,0.08,12.3,100.38,0.0,0.0,10.36,0.16,42.21,34.8,10.9,,27.6,,,,40.6,,1.41,22.82,,0.66,0.0,56.56,0.84,56.47,238.0,4.0,0.0,,43.17,4.0,454.0
2022-06-29 19:55:00,12.6,10.13,130.0,41.51,37.17,0.0,470.8,0.08,12.43,101.99,0.0,0.0,10.85,0.16,41.63,34.75,11.32,,,,,,38.4,,1.38,22.78,,0.67,0.0,56.59,0.76,56.47,237.9,4.0,0.0,,42.64,4.0,455.2
2022-06-29 20:00:00,12.75,10.63,117.8,40.88,37.2,0.0,471.22,0.07,12.66,100.09,0.0,0.0,11.35,0.16,41.08,34.52,11.81,,27.3,,38.97,,35.2,,1.3,22.74,,0.66,0.0,56.59,0.74,56.47,237.9,0.4,0.0,,42.05,4.0,454.6
2022-06-29 20:05:00,12.93,11.13,108.4,40.42,36.06,0.0,469.3,0.07,13.03,97.78,0.0,0.0,11.78,0.16,40.59,34.4,12.27,,,,,,34.0,,1.29,22.71,,0.66,0.0,56.59,0.75,56.48,237.8,0.0,0.0,,41.53,4.0,455.3
2022-06-29 20:10:00,13.14,11.53,109.11,39.85,35.49,0.0,469.1,0.07,13.33,95.11,0.0,0.0,12.08,0.16,39.94,34.3,12.55,,27.4,,,,32.89,,1.17,22.7,,0.66,0.0,56.59,0.72,56.47,237.6,0.0,0.0,,40.92,4.0,455.9
2022-06-29 20:15:00,13.39,11.81,80.2,39.39,34.75,0.0,468.7,0.07,13.61,92.55,0.0,0.0,12.28,0.16,39.34,34.18,12.76,,,,,,30.2,,1.18,22.69,,0.67,0.0,56.59,0.69,56.47,238.0,0.0,0.0,,40.34,4.0,455.1
2022-06-29 20:20:00,13.68,12.01,80.2,38.87,34.46,0.0,467.1,0.06,13.81,92.78,0.0,0.0,12.45,0.16,38.78,33.69,12.94,,27.3,,,,29.2,,1.06,22.68,,0.66,0.0,56.59,0.65,56.47,238.0,0.0,0.0,,39.86,4.0,455.5
2022-06-29 20:25:00,13.9,12.2,68.4,38.17,34.55,0.0,467.4,0.06,13.97,92.68,0.0,0.0,12.63,0.16,38.21,33.09,13.12,,,,,,26.2,,0.99,22.7,,0.66,0.0,56.59,0.62,56.47,237.8,0.0,0.0,,39.32,4.0,455.7
2022-06-29 20:30:00,14.11,12.38,50.6,37.7,34.43,0.0,466.5,0.05,14.13,90.44,0.0,0.0,12.83,0.16,37.78,32.62,13.32,,25.3,,,,23.6,,0.9,22.7,,0.66,0.0,56.59,0.56,56.47,237.8,0.0,0.0,,38.86,4.0,456.6
2022-06-29 20:35:00,14.32,12.62,34.6,37.53,34.22,0.0,466.6,0.05,14.28,87.71,0.0,0.0,13.07,0.16,37.37,32.35,13.55,,,,,,20.8,,0.8,22.7,,0.66,0.0,56.59,0.58,56.48,237.9,0.0,0.0,,38.49,4.0,456.6
2022-06-29 20:40:00,14.49,12.85,29.2,37.06,33.81,0.0,465.6,0.04,14.44,77.74,0.0,0.0,13.3,0.16,36.96,32.13,13.76,,24.2,,,,18.2,,0.69,22.7,,0.66,0.0,56.59,0.52,56.47,238.0,0.0,0.0,,38.1,4.0,456.3
2022-06-29 20:45:00,14.67,13.11,18.4,36.44,33.33,0.26,464.4,0.02,14.6,95.94,0.01,0.0,13.54,0.17,36.57,31.88,14.03,,,,,34.88,15.0,,0.43,22.69,35.66,0.81,0.0,56.56,0.28,56.48,237.8,360.6,0.0,,37.62,4.1,457.0
2022-06-29 20:50:00,14.86,13.36,13.4,35.99,33.1,3.54,469.5,0.02,14.81,82.07,0.67,0.0,13.76,0.78,36.17,31.38,14.28,37.09,23.4,12.67,,36.77,13.4,15.42,0.45,22.68,40.24,3.28,5.49,56.1,0.37,56.02,237.0,585.5,0.0,40.68,37.43,5.0,456.6
2022-06-29 20:55:00,14.93,13.26,11.0,35.75,32.84,3.78,471.4,0.02,14.97,71.63,0.7,0.0,13.84,0.78,36.0,30.94,14.33,36.88,,9.82,,36.64,11.6,13.3,0.36,22.68,41.65,3.28,5.6,55.97,0.31,55.88,237.0,610.5,0.0,41.83,38.2,5.0,456.4
2022-06-29 21:00:00,14.83,12.91,4.0,35.7,32.81,3.71,472.7,0.02,14.9,70.97,0.7,0.0,13.47,0.78,36.44,30.63,13.94,36.8,23.1,9.37,37.5,36.57,6.0,12.74,0.35,22.66,41.58,3.28,5.51,55.91,0.25,55.86,236.9,589.8,0.0,41.79,39.15,5.0,457.1
2022-06-29 21:05:00,14.64,12.51,0.0,35.7,33.23,3.7,473.6,0.01,14.66,60.67,0.7,0.0,13.06,0.78,36.88,30.34,13.54,36.8,,9.08,,36.6,0.0,12.42,0.24,22.62,41.6,3.28,5.44,55.87,0.18,55.78,237.1,585.3,0.0,41.8,39.47,5.0,457.4
2022-06-29 21:10:00,14.4,12.13,0.0,35.92,33.44,3.65,473.2,0.01,14.4,74.3,0.7,0.0,12.72,0.78,37.19,30.05,13.17,36.89,22.8,8.87,,36.7,0.0,12.15,0.13,22.57,41.64,3.28,5.4,55.83,0.12,55.78,237.0,583.0,0.0,41.86,39.64,5.0,456.1
2022-06-29 21:15:00,14.16,11.76,0.0,36.43,33.59,3.62,473.9,0.0,14.11,87.44,0.7,0.0,12.43,0.78,37.39,29.8,12.9,37.3,,8.67,,37.08,0.0,11.89,0.07,22.48,42.09,3.28,5.31,55.79,0.06,55.72,237.1,564.3,0.0,42.26,39.77,5.0,455.6
2022-06-29 21:20:00,13.91,11.46,0.0,36.77,33.71,3.6,473.0,0.0,13.87,90.34,0.7,0.0,12.18,0.79,37.58,29.51,12.61,37.81,22.6,8.47,,37.57,0.0,11.64,0.04,22.39,42.64,3.38,5.2,55.77,0.04,55.7,236.9,556.0,0.0,42.82,39.94,5.0,455.2
2022-06-29 21:25:00,13.66,11.18,0.0,36.94,33.84,3.58,474.1,0.0,13.63,97.22,0.7,0.0,11.9,0.81,37.8,29.23,12.36,38.11,,8.25,,37.86,0.0,11.37,0.01,22.27,42.92,3.44,5.14,55.73,0.01,55.69,236.9,554.7,0.0,43.11,40.12,5.0,455.1
2022-06-29 21:30:00,13.42,10.91,0.0,37.06,33.76,3.56,474.2,0.0,13.41,96.44,0.7,0.0,11.64,0.81,38.0,28.92,12.1,38.28,22.1,8.06,,38.05,0.0,11.14,0.0,22.13,43.13,3.44,5.08,55.7,0.01,55.62,237.0,548.9,0.0,43.28,40.4,5.0,455.4
2022-06-29 21:35:00,13.19,10.68,0.0,37.23,33.33,1.4,471.7,0.0,13.16,91.16,0.28,0.0,11.4,0.41,38.18,28.56,11.87,38.32,,8.5,,37.99,0.0,11.03,0.0,21.98,43.09,1.77,2.04,55.94,0.01,55.85,237.6,288.2,0.0,43.08,40.41,4.4,455.2
2022-06-29 21:40:00,13.09,10.6,79.2,37.3,33.25,0.0,470.0,0.0,12.96,88.34,0.0,0.0,11.23,0.16,37.87,28.19,11.69,,21.7,,,,0.0,,0.0,21.79,,0.67,0.0,56.22,0.0,56.14,238.0,6.2,0.0,,39.62,4.0,454.3
2022-06-29 21:45:00,13.12,10.77,0.0,37.17,33.05,0.0,469.7,0.0,12.9,76.61,0.0,0.0,11.22,0.16,37.29,27.82,11.73,,,,,,0.0,,0.0,21.61,,0.66,0.0,56.26,0.0,56.18,237.9,4.0,0.0,,38.77,4.0,454.2
2022-06-29 21:50:00,13.26,10.94,0.0,36.7,32.35,0.0,469.1,0.0,12.92,68.29,0.0,0.0,11.43,0.16,36.78,27.46,11.9,,21.5,,,,0.0,,0.0,21.41,,0.66,0.0,56.27,0.0,56.21,238.0,4.0,0.0,,38.07,4.0,455.3
2022-06-29 21:55:00,13.32,11.19,0.0,36.16,31.49,0.0,468.2,0.0,13.01,57.17,0.0,0.0,11.82,0.16,36.13,27.01,12.27,,,,,,0.0,,0.0,21.2,,0.67,0.0,56.25,0.0,56.2,238.0,4.0,0.0,,37.45,4.0,454.4
2022-06-29 22:00:00,13.4,11.6,0.0,35.52,30.93,0.0,467.2,0.0,13.16,46.19,0.0,0.0,12.26,0.16,35.54,26.57,12.69,,21.2,,34.28,,0.0,,0.0,21.02,,0.66,0.0,56.27,0.0,56.2,238.0,1.6,0.0,,36.83,4.0,455.1
2022-06-29 22:05:00,13.51,12.05,0.0,34.96,30.4,0.0,466.4,0.0,13.4,36.48,0.0,0.0,12.6,0.16,34.93,26.15,13.04,,,,,,0.0,,0.0,20.85,,0.66,0.0,56.28,0.0,56.21,238.0,0.0,0.0,,36.22,4.0,455.3
2022-06-29 22:10:00,13.63,12.42,0.0,34.39,30.11,0.0,465.4,0.0,13.66,27.78,0.0,0.0,12.81,0.16,34.36,25.73,13.27,,21.0,,,,0.0,,0.0,20.69,,0.66,0.0,56.28,0.0,56.2,238.0,0.0,0.0,,35.65,4.0,455.7
2022-06-29 22:15:00,13.77,12.67,0.0,34.02,29.79,0.0,465.3,0.0,13.89,20.63,0.0,0.0,12.96,0.16,33.86,25.37,13.42,,,,,,0.0,,0.0,20.55,,0.66,0.0,56.28,0.0,56.2,238.0,0.0,0.0,,35.14,4.0,455.3
2022-06-29 22:20:00,13.98,12.77,0.0,33.73,29.2,0.0,464.9,0.0,14.06,13.53,0.0,0.0,13.07,0.16,33.31,25.03,13.55,,20.9,,,,0.0,,0.0,20.43,,0.66,0.0,56.28,0.0,56.2,238.0,0.0,0.0,,34.63,4.0,455.3
2022-06-29 22:25:00,14.16,12.89,0.0,33.16,28.66,0.0,244.2,0.0,14.1,9.17,0.0,0.0,13.17,0.13,32.64,24.75,13.66,,,,,,0.0,,0.0,20.32,,0.56,0.0,56.28,0.0,56.21,238.0,0.0,0.0,,34.15,4.0,455.4
2022-06-29 22:30:00,14.31,13.03,0.0,32.73,,0.0,6.3,0.0,14.21,7.02,0.0,0.0,13.3,0.12,,24.47,13.78,,20.5,,,,0.0,,0.0,20.23,,0.5,0.0,56.28,0.0,56.22,238.0,0.0,0.0,,33.88,4.0,362.0
2022-06-29 22:35:00,14.42,13.12,0.0,32.63,,0.0,4.0,0.0,14.49,6.1,0.0,0.0,13.41,0.13,,24.18,13.88,,,,,,0.0,,0.0,20.13,,0.53,0.0,56.28,0.0,56.21,237.9,0.0,0.0,,33.84,4.0,359.8
2022-06-29 22:40:00,14.55,13.24,0.0,32.6,,0.0,4.0,0.0,14.44,5.65,0.0,0.0,13.54,0.12,,23.89,14.01,,20.3,,,,0.0,,0.0,20.05,,0.5,0.0,56.28,0.0,56.2,237.9,0.0,0.0,,33.8,4.0,456.0
2022-06-29 22:45:00,14.68,13.45,0.0,32.6,,0.0,4.0,0.0,14.45,5.39,0.0,0.0,13.68,0.12,,23.61,14.19,,,,,,0.0,,0.0,19.97,,0.52,0.0,56.31,0.0,56.27,238.0,0.0,0.0,,33.79,4.0,121.9
2022-06-29 22:50:00,14.78,13.59,0.0,32.54,,0.0,2.0,0.0,14.96,5.26,0.0,0.0,13.75,0.12,,23.34,14.27,,20.0,,,,0.0,,0.0,19.88,,0.56,0.0,56.28,0.0,56.2,237.9,0.0,0.0,,33.79,4.0,348.6
2022-06-29 22:55:00,14.93,13.63,0.0,32.5,,0.0,0.0,0.0,14.78,5.19,0.0,0.0,13.86,0.12,,23.08,14.37,,,,,,0.0,,0.0,19.83,,0.5,0.0,56.29,0.0,56.2,237.9,0.0,0.0,,33.78,4.0,335.3
2022-06-29 23:00:00,15.1,,0.0,32.5,,0.0,0.0,0.0,,5.16,0.0,0.0,13.9,0.12,,22.82,14.46,,19.9,,33.24,,0.0,,0.0,19.77,,0.52,0.0,56.3,0.0,56.24,237.9,0.0,0.0,,33.79,4.0,-0.9
2022-06-29 23:05:00,15.08,13.92,0.0,32.5,,0.0,0.0,0.0,15.44,5.14,0.0,0.0,14.0,0.12,,22.6,14.49,,,,,,0.0,,0.0,19.72,,0.52,0.0,56.28,0.0,56.2,238.0,0.0,0.0,,33.76,4.0,299.3
2022-06-29 23:10:00,15.21,13.86,0.0,32.5,,0.0,0.0,0.0,15.02,5.13,0.0,0.0,14.01,0.12,,22.37,14.54,,19.8,,,,0.0,,0.0,19.68,,0.5,0.0,56.28,0.0,56.21,238.0,0.0,0.0,,33.75,4.0,50.2
2022-06-29 23:15:00,15.3,,0.0,32.5,,0.0,0.0,0.0,,5.12,0.0,0.0,14.1,0.12,,22.17,14.61,,,,,,0.0,,0.0,19.65,,0.5,0.0,56.28,0.0,56.2,238.0,0.0,0.0,,33.74,4.0,-1.3
2022-06-29 23:20:00,15.31,,0.0,32.5,,0.0,0.0,0.0,,5.11,0.0,0.0,14.1,0.12,,21.97,14.6,,19.5,,,,0.0,,0.0,19.63,,0.5,0.0,56.28,0.0,56.2,237.9,0.0,0.0,,33.76,4.0,-0.9
2022-06-29 23:25:00,15.3,,0.0,32.48,,0.0,0.0,0.0,,5.11,0.0,0.0,14.1,0.12,,21.8,14.61,,,,,,0.0,,0.0,19.63,,0.52,0.0,56.28,0.0,56.2,238.0,0.0,0.0,,33.72,4.0,-0.6
2022-06-29 23:30:00,15.3,,0.0,32.4,,0.0,0.0,0.0,,5.12,0.0,0.0,14.1,0.12,,21.65,14.6,,19.3,,,,0.0,,0.0,19.64,,0.5,0.0,56.28,0.0,56.2,237.9,0.0,0.0,,33.75,4.0,-0.6
2022-06-29 23:35:00,15.3,,0.0,32.4,,0.0,0.0,0.0,,5.11,0.0,0.0,14.1,0.12,,21.49,14.64,,,,,,0.0,,0.0,19.66,,0.5,0.0,56.28,0.0,56.2,238.0,0.0,0.0,,33.74,4.0,-0.8
2022-06-29 23:40:00,15.32,,0.0,32.4,,0.0,0.0,0.0,,5.11,0.0,0.0,14.1,0.12,,21.36,14.65,,19.0,,,,0.0,,0.0,19.69,,0.5,0.0,56.28,0.0,56.2,238.0,0.0,0.0,,33.74,4.0,-0.7
2022-06-29 23:45:00,15.3,,0.0,32.4,,0.0,0.0,0.0,,5.12,0.0,0.0,14.1,0.12,,21.25,14.64,,,,,,0.0,,0.0,19.72,,0.5,0.0,56.28,0.0,56.2,237.9,0.0,0.0,,33.72,4.0,-1.0
2022-06-29 23:50:00,15.32,,0.0,32.4,,0.0,0.0,0.0,,5.13,0.0,0.0,14.1,0.13,,21.14,14.66,,18.9,,,,0.0,,0.0,19.77,,0.53,0.0,56.27,0.0,56.2,238.0,0.0,0.0,,33.72,4.0,-0.7
2022-06-29 23:55:00,15.34,,0.0,32.4,,0.0,0.0,0.0,,5.13,0.0,0.0,14.1,0.12,,21.06,14.64,,,,,,0.0,,0.0,19.82,,0.52,0.0,56.25,0.0,56.21,238.0,0.0,0.0,,33.74,4.0,-0.7
