Displayname,Kalt Oben,HM10_Vpkt,HM1_Vpkt,WP_COP,AMB_T2,INV_P_IN,HM10_T_SUP,Bat_Pel,WP_sek_T_RET,Warm Oben,INV_I_OUT,INV_I_IN,Zone_T,PVT_U,PVT_U_SCC,WP_Pel,HM4_T_RET,INV_U_OUT,WP_prim_T_SUP,PVT_Pel,HM10_T_RET,Kalt Unten,BAT_U,HM4_T_SUP,PVT_I,Warm Unten,WP_prim_T_RET,Pyr_hor,KS_T,HM4_Vpkt,WS_T,HM1_T_SUP,HM1_T_RET,INV_U_IN,AMB_T,WP_Qpkt,WP_sek_T_SUP,Pyr_ver,Bat_I,HM1_Qpkt,HM4_Qpkt,HM4_B,WS_theta,KS_theta,TABS_theta_in,TABS_theta_out,TABS_Vpkt,TABS_Qpkt,BAT_SOC,s_PVT_Pel,PVT_theta_in,PVT_theta_out,PVT_Qpkt,PVT_theta_cell,s_WP_COP,s_WP_Pel,s_WP_Qdot_prim,s_WP_Qdot_sec,s_WP_prim_theta_in,s_WP_prim_theta_out,s_WP_sek_theta_in,s_WP_sek_theta_out,s_WP_prim_Vpkt,s_WP_sek_Vpkt,sun_h,sun_az,i_dif,i_dir,s_B_theta_m,s_B_theta_s,s_B_theta_air,s_B_theta_operativ
2023-07-12 00:00:00,14.75,0.0,0.0,0.0,23.02,0.0,,0.15,,33.38,0.64,0.0,22.67,7.35,56.72,,,238.23,,0.0,,13.24,56.64,,0.0,33.29,,0.0,12.54,0.0,32.41,,,4.0,20.5,,,0.0,0.0,,,,"[33.29, 33.32, 33.35, 33.38]","[13.24, 13.455714285714286, 13.67142857142857, 13.887142857142857, 14.102857142857143, 14.31857142857143, 14.534285714285714, 14.75]",,,0.0,,0.5343845000000009,0.0,20.0,20.44062701309857,0.0,20.220313506549285,,,,,,,,,,,0.0,304.7431334614589,0.0,0.0,22.67,22.862788220844678,23.05446718157458,22.920291909063646
2023-07-12 00:15:00,14.76,0.0,0.0,0.0,21.66,0.0,,0.14,,32.9,0.57,0.0,22.67,7.76,56.7,,,238.0,,0.0,,13.27,56.64,,0.0,32.64,,0.0,12.6,0.0,31.84,,,4.0,20.6,,,0.0,0.0,,,,"[33.25452132073786, 33.28411669192, 33.314145041086675, 33.344000791031426]","[13.27455895091193, 13.487133053883005, 13.701625201202328, 13.916615357577415, 14.131605504324913, 14.346594982974073, 14.561538099471761, 14.773263951440018]",,,0.0,,0.5300095000000009,0.0,20.220313506549285,20.5549137575954,0.0,20.387613632072345,,,,,,,,,,,0.0,304.7431334614589,0.0,0.0,22.674116971412086,22.864431490218728,23.056270714147853,22.921983257397464
2023-07-12 00:30:00,14.76,0.0,0.0,0.0,21.37,0.0,,0.13,,32.9,0.59,0.0,22.71,6.56,56.69,,,238.2,,0.0,,13.29,56.65,,0.0,32.52,,0.0,12.6,0.0,31.71,,,4.0,20.3,,,0.0,0.0,,,,"[33.21929409781613, 33.24849062623809, 33.278544112482955, 33.30825678553961]","[13.309090452804515, 13.518608035638131, 13.73186195187066, 13.946123232664165, 14.160391643238116, 14.374657456818083, 14.588787936263966, 14.79664157535179]",,,0.0,,0.5259470000000009,0.0,20.387613632072345,20.31040376605884,-0.0,20.349008699065593,,,,,,,,,,,0.0,304.7431334614589,0.0,0.0,22.673569083631023,22.863551000578322,23.054902836919688,22.92095655148073
2023-07-12 00:45:00,14.8,0.0,0.0,0.0,21.01,0.0,,0.13,,32.9,0.57,0.0,22.75,6.08,56.66,,,238.6,,0.0,,13.31,56.64,,0.0,32.5,,0.0,12.6,0.0,31.7,,,4.0,20.3,,,0.0,0.0,,,,"[33.184317509705025, 33.21312090368285, 33.243196377317304, 33.27276712404424]","[13.343595811596003, 13.550137626738632, 13.762138853966261, 13.9756664661757, 14.189215406204346, 14.402758139750238, 14.616037475684676, 14.82013080584496]",,,0.0,,0.5218845000000009,0.0,20.349008699065593,20.30581958569536,-0.0,20.327414142380476,,,,,,,,,,,0.0,304.7431334614589,0.0,0.0,22.673029599916788,22.863012116069363,23.054364830473215,22.92041793039052
2023-07-12 01:00:00,14.8,0.0,0.0,0.0,20.57,0.0,,0.13,,32.9,0.57,0.0,22.8,6.07,56.66,,,238.4,,0.0,,13.3,56.61,,0.0,32.5,,0.0,12.69,0.0,31.7,,,4.0,20.4,,,0.0,0.0,,,,"[33.149624247840165, 33.17804032213758, 33.20813457256137, 33.237564460523814]","[13.378109613930015, 13.581754341887294, 13.792489482573439, 14.00527860946957, 14.218110203933145, 14.43092994171705, 14.643322422849637, 14.84376297389935]",,,0.0,,0.5178220000000009,0.0,20.327414142380476,20.39138072165266,0.0,20.359397432016568,,,,,,,,,,,0.0,55.48081054047003,0.0,0.0,22.67403229430824,22.864124766899835,23.055638609096764,22.921578919558915
2023-07-12 01:15:00,14.8,0.0,0.0,0.0,20.36,0.0,,0.13,,32.9,0.56,0.0,22.83,6.01,56.63,,,238.2,,0.0,,13.4,56.55,,0.0,32.44,,0.0,12.7,0.0,31.7,,,4.0,20.2,,,0.0,0.0,,,,"[33.115146363006595, 33.14318048751679, 33.17329061117783, 33.20258080834617]","[13.412566319142352, 13.613388481913097, 13.822846577712472, 14.034892392822442, 14.247008623766506, 14.45910500151891, 14.670577564575359, 14.867469387607818]",,,0.0,,0.5137595000000009,0.0,20.359397432016568,20.21892780328649,-0.0,20.289162617651527,,,,,,,,,,,0.0,55.48081054047003,0.0,0.0,22.671951802442685,22.861824445573344,23.05301615442172,22.919181958227856
2023-07-12 01:30:00,14.8,0.0,0.0,0.0,20.19,0.0,,0.13,,32.9,0.56,0.0,22.84,5.99,56.62,,,238.2,,0.0,,13.4,56.57,,0.0,32.41,,0.0,12.7,0.0,31.63,,,4.0,20.1,,,0.0,0.0,,,,"[33.08081613206728, 33.10847323890018, 33.13859663395153, 33.167748408339335]","[13.446900544633818, 13.644970678343974, 13.853143069869951, 14.064440770361458, 14.275843475584123, 14.487215728993725, 14.697737819174982, 14.891181634491748]",,,0.0,,0.5096970000000008,0.0,20.289162617651527,20.122462299240134,-0.0,20.20581245844583,,,,,,,,,,,0.0,55.48081054047003,0.0,0.0,22.66836932035413,22.858134872419402,23.049169652331383,22.915445306392996
2023-07-12 01:45:00,14.8,0.0,0.0,0.0,20.0,0.0,,0.13,,32.9,0.58,0.0,22.87,5.96,56.61,,,238.13,,0.0,,13.4,56.56,,0.0,32.4,,0.0,12.74,0.0,31.6,,,4.0,20.3,,,0.0,0.0,,,,"[33.046700099215805, 33.073985422174786, 33.104119294113666, 33.13313377001516]","[13.481180377134343, 13.676568084515878, 13.883446357465575, 14.093991194435548, 14.304682067343796, 14.5153290768755, 14.724872501809203, 14.914964887707393]",,,0.0,,0.5056345000000009,0.0,20.20581245844583,20.288815608658048,0.0,20.247314033551937,,,,,,,,,,,0.0,55.48081054047003,0.0,0.0,22.66790959596215,22.85789779890993,23.049258846620763,22.915306113223178
2023-07-12 02:00:00,14.83,0.0,0.0,0.0,20.0,0.0,,0.13,,32.9,0.57,0.0,22.87,5.95,56.59,,,238.07,,0.0,,13.43,56.56,,0.0,32.4,,0.0,12.8,0.0,31.6,,,4.0,20.3,,,0.0,0.0,,,,"[33.01269703427312, 33.03961518811907, 33.069757164599835, 33.09863562805261]","[13.51530702630377, 13.708077395982755, 13.91365576535492, 14.123443043560762, 14.333423634067781, 14.5433439665931, 14.751882775203494, 14.938717526725057]",,,0.0,,0.5015720000000008,0.0,20.247314033551937,20.293743753608382,0.0,20.27052889358016,,,,,,,,,,,0.0,55.48081054047003,0.0,0.0,22.66745692329617,22.85744562902808,23.04880741350793,22.914854164372034
2023-07-12 02:15:00,14.83,0.0,0.0,0.0,20.0,0.0,,0.12,,32.9,0.52,0.0,22.88,5.96,56.59,,,238.1,,0.0,,13.49,56.55,,0.0,32.4,,0.0,12.8,0.0,31.6,,,4.0,20.4,,,0.0,0.0,,,,"[32.97884008601317, 33.00539580891888, 33.035543443268196, 33.064287097870064]","[13.549315274802316, 13.739531957813847, 13.94380519480202, 14.152830306779526, 14.362102022723425, 14.571293969972425, 14.778804323832508, 14.962471619375455]",,,0.0,,0.4978220000000008,0.0,20.27052889358016,20.38462582738884,0.0,20.3275773604845,,,,,,,,,,,0.0,55.48081054047003,0.0,0.0,22.668545097138647,22.858643664367435,23.050166437514196,22.91610049631146
2023-07-12 02:30:00,14.88,0.0,0.0,0.0,20.11,0.0,,0.13,,32.84,0.54,0.0,22.89,5.96,56.59,,,237.93,,0.0,,13.52,56.55,,0.0,32.39,,0.0,12.8,0.0,31.6,,,4.0,20.05,,,0.0,0.0,,,,"[32.94512878208094, 32.97132675031959, 33.00147764515712, 33.03008767371921]","[13.583206441179762, 13.770930980613727, 13.973894857562586, 14.182153286807567, 14.3907173963282, 14.599179010420059, 14.80563906534119, 14.986225851793417]",,,0.0,,0.49375950000000085,0.0,20.3275773604845,20.082961193976367,-0.0,20.205269277230435,,,,,,,,,,,0.0,55.48081054047003,0.0,0.0,22.664247919128677,22.853962513773265,23.044922621780547,22.91125054617545
2023-07-12 02:45:00,14.9,0.0,0.0,0.0,20.2,0.0,,0.13,,32.8,0.55,0.0,22.91,5.95,56.56,,,238.03,,0.0,,13.57,56.55,,0.0,32.39,,0.0,12.88,0.0,31.6,,,4.0,20.2,,,0.0,0.0,,,,"[32.91159616197453, 32.93744117388675, 32.96759285802105, 32.99607036211845]","[13.61701513631403, 13.802307770861937, 14.003958520416075, 14.211445850916393, 14.419303485273689, 14.62703261147384, 14.832422401885667, 15.010012288722061]",,,0.0,,0.4896970000000008,0.0,20.205269277230435,20.200625705455966,-0.0,20.202947491343203,,,,,,,,,,,0.0,55.48081054047003,0.0,0.0,22.662317510082552,22.85220085403455,23.04340824363561,22.909563070914867
2023-07-12 03:00:00,14.91,0.0,0.0,0.0,20.2,0.0,,0.12,,32.8,0.53,0.0,22.93,5.95,56.56,,,238.03,,0.0,,13.6,56.52,,0.0,32.32,,0.0,12.9,0.0,31.51,,,4.0,20.2,,,0.0,0.0,,,,"[32.878241644424314, 32.903738435124886, 32.933888487166655, 32.96223454878006]","[13.650742509478498, 13.833661497464906, 14.033996262648174, 14.240708180363173, 14.447860337237728, 14.654854644174735, 14.859155977064477, 15.033829609165602]",,,0.0,,0.48594700000000085,0.0,20.202947491343203,20.20035000272982,-0.0,20.20164874703651,,,,,,,,,,,0.0,55.48081054047003,0.0,0.0,22.660416711637716,22.850302166809072,23.04151265014543,22.90766531180998
2023-07-12 03:15:00,14.91,0.0,0.0,0.0,20.2,0.0,,0.13,,32.8,0.52,0.0,22.95,5.95,56.56,,,237.97,,0.0,,13.6,56.49,,0.0,32.3,,0.0,12.9,0.0,31.5,,,4.0,20.1,,,0.0,0.0,,,,"[32.84506464987789, 32.870217892118625, 32.90036393964487, 32.92857962154628]","[13.684389677369513, 13.864991373093705, 14.064008151575115, 14.26994045240549, 14.476387999515685, 14.68264500702687, 14.885841361457482, 15.057676539564543]",,,0.0,,0.4818845000000008,0.0,20.20164874703651,20.112070379452696,-0.0,20.156859563244602,,,,,,,,,,,0.0,55.48081054047003,0.0,0.0,22.657011166647198,22.846789334228898,23.03784260064644,22.904105314154158
2023-07-12 03:30:00,14.97,0.0,0.0,0.0,20.22,0.0,,0.13,,32.79,0.53,0.0,22.98,5.95,56.56,,,237.8,,0.0,,13.65,56.47,,0.0,32.3,,0.0,12.98,0.0,31.5,,,4.0,19.85,,,0.0,0.0,,,,"[32.81209811099345, 32.83691259913601, 32.86705219559207, 32.895138480876945]","[13.717991052644377, 13.896330701331419, 14.094027812403864, 14.299176409159715, 14.504920088246136, 14.710437192959443, 14.912513621445722, 15.08158517921031]",,,0.0,,0.4778220000000008,0.0,20.156859563244602,19.886438337658202,-0.0,20.0216489504514,,,,,,,,,,,0.0,55.48081054047003,0.0,0.0,22.649823102039015,22.839331578081115,23.029989644335956,22.896528997957567
2023-07-12 03:45:00,14.99,0.0,0.0,0.0,20.35,0.0,,0.12,,32.8,0.54,0.0,23.0,5.96,56.53,,,238.1,,0.0,,13.69,56.48,,0.0,32.3,,0.0,13.0,0.0,31.5,,,4.0,20.0,,,0.0,0.0,,,,"[32.77930782952178, 32.80378811112795, 32.83391898172236, 32.86187689627933]","[13.75151426253053, 13.927644594309804, 14.124021616652843, 14.328382538178701, 14.533422969300595, 14.738197468205195, 14.939140510196577, 15.105520908843467]",,,0.0,,0.4740720000000008,0.0,20.0216489504514,20.00257072570317,-0.0,20.012109838077286,,,,,,,,,,,0.0,55.48081054047003,0.0,0.0,22.645046149789465,22.834726536798296,23.02563651767427,22.89199953106109
2023-07-12 04:00:00,15.01,0.0,0.0,0.0,20.4,0.0,,0.13,,32.77,0.54,0.0,23.02,5.99,56.53,,,238.07,,0.0,,13.7,56.49,,0.0,32.3,,0.0,13.0,0.0,31.5,,,4.0,19.75,,,0.0,0.0,,,,"[32.746693231409196, 32.77084379423575, 32.80096371068167, 32.82879426230873]","[13.78496033295756, 13.95893238556087, 14.153989601099878, 14.357559005005662, 14.561896690998642, 14.765925803088974, 14.96572339953239, 15.129482586340462]",,,0.0,,0.4700095000000008,0.0,20.012109838077286,19.78112448796581,-0.0,19.896617163021546,,,,,,,,,,,0.0,55.48081054047003,0.0,0.0,22.636507713978638,22.825919909306958,23.016436887881376,22.88307500287928
2023-07-12 04:15:00,15.01,0.0,0.0,0.0,20.4,0.0,,0.12,,32.71,0.52,0.0,23.03,6.03,56.53,,,238.1,,0.0,,13.74,56.47,,0.0,32.21,,0.0,13.06,0.0,31.45,,,4.0,19.5,,,0.0,0.0,,,,"[32.71422023381144, 32.73804532350255, 32.76815222551028, 32.79585646511923]","[13.818296934547977, 13.990159395654583, 14.183898225160531, 14.38667240219817, 14.590307733458886, 14.793588619630716, 14.992230035472389, 15.15343578255507]",,,0.0,,0.4662595000000008,0.0,19.896617163021546,19.54709669124993,-0.0,19.72185692713574,,,,,,,,,,,0.0,55.48081054047003,0.0,0.0,22.624265492113814,22.81341360956172,23.00354361410848,22.87045261092575
2023-07-12 04:30:00,15.05,0.0,0.0,0.0,20.4,0.0,,0.12,,32.7,0.55,0.0,23.04,6.0,56.53,,,238.0,,0.0,,13.77,56.47,,0.0,32.21,,0.0,13.1,0.0,31.4,,,4.0,19.55,,,0.0,0.0,,,,"[32.681888377710145, 32.70539218472663, 32.735484054804694, 32.76306301552089]","[13.85152513887757, 14.021325161812893, 14.213747615195917, 14.415722999843966, 14.618656259286624, 14.821186040554865, 15.018661787854588, 15.177379541979926]",,,0.0,,0.46250950000000085,0.0,19.72185692713574,19.570407318167508,-0.0,19.646132122651622,,,,,,,,,,,0.0,55.48081054047003,0.0,0.0,22.61297800552575,22.802194195066527,22.992423950989316,22.859263121843362
2023-07-12 04:45:00,15.1,0.0,0.0,0.0,20.4,0.0,,0.12,,32.7,0.53,0.0,23.05,5.98,56.53,,,238.1,,0.0,,13.8,56.48,,0.0,32.2,,0.0,13.1,0.0,31.4,,,4.0,19.5,,,0.0,0.0,,,,"[32.64969720542384, 32.672883865793004, 32.70295872852378, 32.730413426027994]","[13.884645991678333, 14.052429252917417, 14.243537890665607, 14.444711063527055, 14.646942431773224, 14.848718205926469, 15.045019971036531, 15.20131294604658]",,,0.0,,0.4587595000000008,0.0,19.646132122651622,19.517352601208152,-0.0,19.581742361929887,,,,,,,,,,,0.0,55.48081054047003,0.0,0.0,22.6010967065528,22.790270557601644,22.980438271611938,22.84732087180473
2023-07-12 05:00:00,15.1,0.0,0.0,0.0,20.37,0.0,,0.13,,32.7,0.54,0.0,23.05,5.97,56.5,,,238.07,,0.0,,13.8,56.49,,0.0,32.2,,0.0,13.11,0.0,31.4,,,4.0,19.4,,,0.0,0.0,,,,"[32.61761275010998, 32.64048616304278, 32.670542206645365, 32.697873700355906]","[13.917627186438052, 14.083437218878359, 14.27323559583826, 14.473603285481696, 14.675132846137675, 14.876151702988016, 15.071272281016974, 15.225201784339625]",,,0.0,,0.45469700000000085,0.0,19.581742361929887,19.421581173748603,-0.0,19.501661767839245,,,,,,,,,,,0.0,55.48081054047003,0.0,0.0,22.5878637522261,22.77694123100191,22.966967723162828,22.833949178650187
2023-07-12 05:15:00,15.11,0.0,0.0,0.0,20.25,0.0,,0.13,,32.7,0.56,0.0,23.04,5.97,56.5,,,238.1,,0.0,,13.84,56.48,,0.0,32.2,,0.0,13.2,0.0,31.38,,,4.0,19.4,,,0.0,0.0,,,,"[32.585601157886494, 32.608164989510534, 32.638200562986334, 32.66540995598368]","[13.950436493197506, 14.11431477134856, 14.302807375035234, 14.502366466248766, 14.70319421124082, 14.903453246564679, 15.097386479264868, 15.249011988131118]",,,0.0,,0.4506345000000008,0.0,19.501661767839245,19.41207192562059,-0.0,19.456866846729916,,,,,,,,,,,0.0,55.48081054047003,0.0,0.0,22.574833778576064,22.76392572976094,22.95397342947781,22.820940039676
2023-07-12 05:30:00,15.15,0.0,0.0,0.0,20.19,0.0,,0.12,,32.7,0.55,0.0,23.02,5.98,56.5,,,238.1,,0.0,,13.86,56.48,,0.0,32.18,,0.0,13.2,0.0,31.3,,,4.0,19.6,,,0.0,0.0,,,,"[32.55362868746683, 32.57588637450725, 32.605899984830664, 32.63298842377301]","[13.983041759531947, 14.145027781095578, 14.332219973301642, 14.530967514271447, 14.73109334931189, 14.930589677571538, 15.123330394473404, 15.272709628802016]",,,0.0,,0.44688450000000085,0.0,19.456866846729916,19.583003514331473,0.0,19.519935180530695,,,,,,,,,,,0.0,55.48081054047003,0.0,0.0,22.56507147797428,22.75439641242543,22.944785520793374,22.81151314493581
2023-07-12 05:45:00,15.16,0.0,0.0,0.0,20.1,0.0,,0.13,,32.64,0.55,0.0,23.01,5.98,56.5,,,238.07,,0.0,,13.93,56.47,,0.0,32.1,,0.0,13.2,0.0,31.3,,,4.0,19.5,,,0.0,0.0,,,,"[32.521728730788325, 32.54368385044137, 32.57367391524385, 32.60064246858092]","[14.015477566119381, 14.17561037380855, 14.361507374818904, 14.559440583315798, 14.758864333462451, 14.95759509929478, 15.149139055058058, 15.296327570959726]",,,0.0,,0.4428220000000008,0.0,19.519935180530695,19.502367222425054,-0.0,19.511151201477873,,,,,,,,,,,0.06691357423068794,55.57244122545765,0.0,0.0,22.553925018640243,22.743151263345595,22.93339575388958,22.800224610508792
2023-07-12 06:00:00,15.2,0.0,0.0,0.0,20.1,0.0,,0.12,,32.62,0.52,0.0,22.99,5.99,56.5,,,238.07,,0.0,,14.0,56.47,,0.0,32.14,,0.0,13.24,0.0,31.3,,,4.0,19.7,,,0.0,0.0,,,,"[32.489867547410654, 32.51152344866998, 32.54148854237561, 32.56833832275025]","[14.047711717142619, 14.206028465124186, 14.390636316304038, 14.587752571114358, 14.786473986391059, 14.984436375052129, 15.174780197059727, 15.319831946449858]",,,0.0,,0.43907200000000085,0.0,19.511151201477873,19.677574965517987,0.0,19.59436308349793,,,,,,,,,,,2.1509745195924435,58.354076263267046,0.0,0.0,22.54601734107281,22.735474509112173,22.926057389726925,22.792649373296598
2023-07-12 06:15:00,15.21,0.0,0.0,0.0,20.1,0.0,,0.13,,32.61,0.54,0.0,22.97,6.01,56.5,,,238.03,,0.0,,14.0,56.47,,0.0,32.1,,0.0,13.3,0.0,31.3,,,4.0,19.9,,,0.0,0.0,,,,"[32.45804501962275, 32.47940501001405, 32.50934373881806, 32.536075842115835]","[14.07974542399181, 14.236282174281275, 14.41960720547029, 14.615904052051985, 14.813922812900845, 15.01111405969077, 15.200255194955743, 15.343222350599087]",,,0.0,,0.4350095000000008,0.0,19.59436308349793,19.863706846719857,0.0,19.729034965108895,,,,,,,,,,,4.297852962143202,61.09132945336904,0.0,0.0,22.541298765502955,22.73098331473649,22.921899394846744,22.788258138769564
2023-07-12 06:30:00,15.25,0.0,0.0,0.0,20.1,0.0,,0.13,,32.6,0.54,0.0,22.96,6.16,56.49,,,238.07,,0.0,,14.0,56.47,,0.0,32.07,,0.0,13.3,0.0,31.2,,,4.0,20.05,,,0.0,0.0,,,,"[32.42629454045285, 32.44736206971366, 32.47727294875747, 32.50388839355281]","[14.11161320548754, 14.266405688851147, 14.448454015753576, 14.643929164114482, 14.841244886875895, 15.037662285565753, 15.225598947039948, 15.36653173322997]",,,0.0,,0.4309470000000008,0.0,19.729034965108895,20.011886694375182,0.0,19.870460829742036,,,,,,,,,,,6.501743122916242,63.79047048742481,0.0,0.0,22.538953422726543,22.728807182134936,22.919971219184184,22.78615639324971
2023-07-12 06:45:00,15.3,0.0,0.0,0.0,20.1,0.0,,0.12,,32.57,0.55,0.0,22.94,7.19,56.47,,,238.1,,0.0,,14.01,56.47,,0.0,32.03,,0.0,13.3,0.0,31.2,,,4.0,20.4,,,0.0,0.0,,,,"[32.39458237055413, 32.4153606619355, 32.44524236147, 32.4717422114122]","[14.143282805957549, 14.296364983361723, 14.477143474140265, 14.671794789619245, 14.868407031914817, 15.06404794234899, 15.250779065010082, 15.389726307993465]",,,0.0,,0.4271970000000008,0.0,19.870460829742036,20.337119355560947,0.0,20.103790092651494,,,,,,,,,,,8.757052582613776,66.45825100549214,0.0,0.0,22.54201271555393,22.73225182246724,22.923980539435128,22.789770437557607
2023-07-12 07:00:00,15.3,0.0,0.0,0.0,20.1,0.0,,0.13,,32.52,0.53,0.0,22.93,21.08,56.47,,,238.0,,0.0,,14.09,56.46,,0.0,32.0,,0.0,13.38,0.0,31.2,,,4.0,20.8,,,0.0,0.0,,,,"[32.362941903807865, 32.38343432390657, 32.413285422022575, 32.43967066402312]","[14.17478870618134, 14.326194282253539, 14.505709548460665, 14.699535056808587, 14.895443322715346, 15.090305177548673, 15.27583036992889, 15.412839076077777]",,,0.0,,0.4231345000000008,0.0,20.103790092651494,20.717327876580697,0.0,20.410558984616095,,,,,,,,,,,11.058380722255526,69.1018996679336,0.0,0.0,22.551160693594753,22.741833920368723,22.93419878721294,22.799543380421987
2023-07-12 07:15:00,15.36,0.0,0.0,0.0,20.1,0.0,,0.12,,32.51,0.55,0.0,22.92,65.67,56.51,,,238.27,,0.0,,14.1,56.39,,0.2,32.0,,0.0,13.4,0.0,31.16,,,4.0,21.3,,,0.0,0.0,,,,"[32.331372912217645, 32.35158278538382, 32.381401891917875, 32.407673497679646]","[14.20613194098099, 14.355893644300066, 14.534152529573289, 14.727150407404084, 14.922354152621915, 15.11643446330401, 15.300753965095534, 15.435869627782859]",,,0.0,,0.4193845000000008,0.0,20.410558984616095,21.194382460488026,0.0,20.80247072255206,,,,,,,,,,,13.40049019179575,71.72913931207518,0.0,0.0,22.567837865276033,22.759047919358277,22.952199441356328,22.81699337595769
2023-07-12 07:30:00,15.38,0.0,0.0,0.0,20.1,0.0,,0.13,,32.49,0.54,0.0,22.91,94.61,56.53,,,238.17,,0.0,,14.11,56.38,,0.0,32.0,,0.0,13.4,0.0,31.1,,,4.0,21.55,,,0.0,0.01,,,,"[32.29987516839698, 32.31980577730221, 32.34959153328861, 32.37575045958154]","[14.237313527561547, 14.38546314520455, 14.562472706141593, 14.75464127880361, 14.949139915595257, 15.142436277658929, 15.325550919596797, 15.458817576736626]",,,0.0,,0.4153220000000008,0.0,20.80247072255206,21.46123390800328,0.0,21.13185231527767,,,,,,,,,,,15.77827186135333,74.3482267306965,0.0,0.0,22.58809398270178,22.77955921361998,22.973084666247207,22.837616849408146
2023-07-12 07:45:00,15.4,0.0,0.0,0.0,20.16,0.0,,0.13,,32.43,0.55,0.0,22.91,109.79,56.53,,,238.4,,0.0,,14.13,56.38,,0.03,31.97,,0.0,13.4,0.0,31.1,,,4.0,21.8,,,0.0,0.07,,,,"[32.26848195606541, 32.28813672538476, 32.31788768024117, 32.34393480832633]","[14.268367793392494, 14.414936925946419, 14.590703933791056, 14.782041673100654, 14.975834575108504, 15.168344672763025, 15.350255835236368, 15.481715886303206]",,,0.0,,0.41125950000000083,0.0,21.13185231527767,21.720660152533508,0.0,21.42625623390559,,,,,,,,,,,18.186703326035758,76.96801597329234,0.0,0.0,22.611874148317668,22.803590641906812,22.997484289430265,22.861758736163846
2023-07-12 08:00:00,15.39,0.0,0.0,0.0,20.42,0.0,,0.13,,32.4,0.55,0.0,22.91,114.87,56.51,,,238.4,,0.01,,14.15,56.38,,0.11,31.9,,10.75,13.49,0.0,31.1,,,4.0,21.6,,,10.0,0.11,,,,"[32.237192937429064, 32.25657524826707, 32.28628998369269, 32.3122261808397]","[14.29929562151074, 14.444314960723972, 14.618846391771951, 14.809351906706485, 15.00243841363962, 15.194160023771655, 15.374869601143631, 15.504564106450855]",,,0.0,,0.4075095000000008,9.57722218199076,21.42625623390559,21.66981311946528,0.0,21.548034676685436,,,,,,,,,,,20.620800626060237,79.59804657434728,10.643047173821603,0.10695282617839652,22.636030310824623,22.840083944901,23.03359224845164,22.89813643596619
2023-07-12 08:15:00,15.4,0.0,0.0,0.0,20.58,0.0,,0.13,,32.4,0.56,0.0,22.92,109.16,56.5,,,238.17,,0.01,,14.17,56.38,,0.19,31.87,,18.57,13.5,0.0,31.02,,,4.0,21.6,,,16.29,0.2,,,,"[32.206041286163234, 32.22515465976202, 32.25483166690685, 32.28065772581127]","[14.330131206138903, 14.47363128878075, 14.646933826615978, 14.836605861436958, 15.028985283522516, 15.219916279100232, 15.399426642525492, 15.52739513540803]",,,0.0,,0.4037595000000008,15.595497519533387,21.548034676685436,21.741163404811488,0.0,21.64459904074846,,,,,,,,,,,23.075562400504964,82.2486587120122,18.37344855996404,0.19655144003596092,22.662583704352727,22.87575442736414,23.069204609161435,22.93378948190333
2023-07-12 08:30:00,15.41,0.0,0.0,0.0,20.84,0.0,,0.13,,32.4,0.57,0.0,22.93,102.76,56.5,,,238.3,,0.02,,14.22,56.38,,0.29,31.8,,31.75,13.5,0.0,31.0,,,4.0,22.6,,,26.5,0.38,,,,"[32.175026554791756, 32.19387446698266, 32.223512270329664, 32.24922897062363]","[14.360875297968514, 14.502885782373193, 14.674966308795447, 14.863803734121284, 15.055475356427614, 15.245613709402857, 15.42392767513483, 15.550208456606429]",,,0.0,,0.40032200000000084,25.317388704992982,21.64459904074846,22.72622788695167,0.0,22.185413463850065,,,,,,,,,,,25.545905201547395,84.93113794199756,31.377031423457378,0.37296857654262183,22.708731553178918,22.938370566194664,23.133348128330177,22.996863834835317
2023-07-12 08:45:00,15.44,0.0,0.0,0.0,21.06,0.0,,0.13,,32.39,0.56,0.0,22.95,82.69,56.52,,,238.17,,0.03,,14.21,56.38,,0.47,31.8,,49.71,13.51,0.0,31.0,,,4.0,22.9,,,43.14,0.58,,,,"[32.14418180766845, 32.16276787260561, 32.19236490712402, 32.21797295478702]","[14.391561959759214, 14.532112378620848, 14.702977476376649, 14.890979287675657, 15.08194237420234, 15.27128615790051, 15.448406953888622, 15.573036900408827]",,,0.0,,0.39719700000000085,41.133719076173314,22.185413463850065,23.205323265086765,0.0,22.695368364468415,,,,,,,,,,,28.026588138369554,87.6578927550597,49.037083688285236,0.672916311714765,22.765122013621696,23.016012267970485,23.21135214239535,23.074614230297943
2023-07-12 09:00:00,15.49,0.0,0.0,0.0,21.43,0.0,,0.13,,32.38,0.57,0.0,22.99,83.86,56.53,,,238.37,,0.05,,14.29,56.39,,0.59,31.8,,64.5,13.6,0.0,30.98,,,4.0,23.9,,,56.0,0.82,,,,"[32.11357350934766, 32.131901660228785, 32.16145615068986, 32.1869561178595]","[14.422258466246046, 14.561378945825025, 14.731034429482493, 14.918199738505564, 15.108453536147225, 15.297000927135363, 15.472932158052975, 15.595946535763119]",,,0.0,,0.39469700000000085,53.23383231691532,22.695368364468415,24.263443999474138,0.0,23.479406181971278,,,,,,,,,,,30.512124376025305,90.44266863786594,63.518916533831074,0.9810834661689256,22.841206307052737,23.11037247286735,23.307188003609596,23.169417132090025
2023-07-12 09:15:00,15.51,0.0,0.0,0.0,21.78,0.0,,0.13,,32.33,0.55,0.0,23.03,87.61,56.53,,,238.37,,0.05,,14.3,56.46,,0.7,31.79,,74.0,13.6,0.0,30.9,,,4.0,24.5,,,65.14,0.92,,,,"[32.08320088182963, 32.101274999279745, 32.13078520852735, 32.15617765625298]","[14.452965221929063, 14.59068500362259, 14.759136917894166, 14.945464937676231, 15.13500867995702, 15.322757959532643, 15.497503580661872, 15.618936580159833]",,,0.0,,0.39219700000000085,61.74367261219928,23.479406181971278,24.96796401516644,0.0,24.223685098568858,,,,,,,,,,,32.99667626651801,93.30080234268502,72.78702775412809,1.21297224587191,22.928670928307795,23.209457129082377,23.407088855066405,23.26874664687758
2023-07-12 09:30:00,15.6,0.0,0.0,0.0,22.1,0.0,,0.13,,32.39,0.54,0.0,23.09,86.62,56.53,,,238.03,,0.06,,14.36,56.47,,0.66,31.8,,76.25,13.6,0.0,30.9,,,4.0,25.2,,,70.0,0.97,,,,"[32.053130170522195, 32.07095444954864, 32.10041843330386, 32.12570379010495]","[14.483749271758109, 14.620098187416108, 14.787351828154026, 14.972841872932857, 15.161674783419768, 15.348624338651073, 15.522188624334767, 15.64207292395236]",,,0.0,,0.39000950000000084,66.15762821915355,24.223685098568858,25.717177981427657,0.0,24.97043153999826,,,,,,,,,,,35.47393002900823,96.24951928491723,74.97783298218658,1.2721670178134161,23.02631300600534,23.310351710171958,23.508959623047254,23.369934084034544
2023-07-12 09:45:00,15.66,0.0,0.0,0.0,22.36,0.0,,0.13,,32.31,0.55,0.0,23.16,75.38,56.53,,,238.0,,0.04,,14.39,56.4,,0.56,31.8,,58.29,13.65,0.0,30.9,,,4.0,24.4,,,60.29,0.73,,,,"[32.023393889492496, 32.04097265105545, 32.070388383864284, 32.095567007633406]","[14.514644118489894, 14.64965183421526, 14.815712265592557, 15.000363736670028, 15.188485032285156, 15.374633356687971, 15.547020874028192, 15.66538793252984]",,,0.0,,0.38719700000000085,56.97588782490371,24.97043153999826,25.013026291951697,0.0,24.991728915974978,,,,,,,,,,,37.9369449403353,99.30827469223917,57.44570775394488,0.8442922460551188,23.103840805834558,23.365935564131966,23.563149382218175,23.42509970955783
2023-07-12 10:00:00,15.69,0.0,0.0,0.0,22.45,0.0,,0.13,,32.33,0.54,0.0,23.22,77.95,56.53,,,238.07,,0.04,,14.43,56.39,,0.61,31.79,,60.25,13.7,0.0,30.9,,,4.0,24.95,,,62.0,0.77,,,,"[31.993957423318793, 32.01129474585781, 32.04066036710386, 32.0657326674522]","[14.54561649617696, 14.679311068276077, 14.844184091172709, 15.027996470726487, 15.215405364755513, 15.400751058737573, 15.571966649645898, 15.6888472264769]",,,0.0,,0.38438450000000085,58.532024736774524,24.991728915974978,25.515710992169677,0.0,25.253719954072327,,,,,,,,,,,40.37797101654543,102.49913415482803,59.36373496151733,0.8862650384826694,23.189299422636566,23.454169070735652,23.652135294631346,23.51355893790436
2023-07-12 10:15:00,15.77,0.0,0.0,0.0,22.56,0.0,,0.13,,32.3,0.57,0.0,23.28,81.46,56.53,,,238.1,,0.05,,14.43,56.39,,0.62,31.77,,72.29,13.7,0.0,30.83,,,4.0,25.5,,,75.43,0.89,,,,"[31.96481978218855, 31.981919688554484, 32.01123337731662, 32.03619975456757]","[14.57666655369193, 14.709075214995636, 14.872766839889735, 15.055739698979371, 15.24243540389678, 15.426977174936665, 15.597025935704503, 15.712449878428016]",,,0.0,,0.38188450000000085,71.08582090241416,25.253719954072327,26.152978040498603,0.0,25.703348997285467,,,,,,,,,,,42.78822833813051,105.8471796571841,71.1208906215643,1.1691093784357065,23.286117119467598,23.56548038430026,23.764161410852594,23.625084692265958
2023-07-12 10:30:00,15.73,0.0,0.0,0.0,22.94,0.0,,0.13,,32.28,0.57,0.0,23.34,88.45,56.54,,,238.03,,0.08,,14.46,56.47,,0.92,31.71,,110.0,13.71,0.0,30.8,,,4.0,25.45,,,111.0,1.4,,,,"[31.935979979403264, 31.952846437611104, 31.982106411994742, 32.00696725742092]","[14.6077944274578, 14.738943616707678, 14.901460046537698, 15.083593045298652, 15.26957477561664, 15.453311438199634, 15.622198700200798, 15.736194977345116]",,,0.0,,0.3803220000000008,104.44758446325375,25.703348997285467,26.484018036396577,0.0,26.093683516841022,,,,,,,,,,,45.157640873403444,109.3809099791063,107.60848395853395,2.3915160414660477,23.393920173715102,23.71685358210421,23.9152064896482,23.776359454367405
2023-07-12 10:45:00,15.71,0.0,0.0,0.0,23.31,0.0,,0.13,,32.23,0.58,0.0,23.41,82.85,56.54,,,238.1,,0.06,,14.47,56.42,,0.74,31.61,,92.86,13.8,0.0,30.8,,,4.0,26.0,,,97.43,1.08,,,,"[31.907470541866974, 31.924107648960103, 31.9533120431638, 31.978067678372618]","[14.639033569237219, 14.768949681130618, 14.930296814863656, 15.111589702487867, 15.296856677511702, 15.479787152796648, 15.647518460832126, 15.760114955307618]",,,0.0,,0.3781345000000008,91.53524458039027,26.093683516841022,26.892325227574215,0.0,26.49300437220762,,,,,,,,,,,47.474518619975264,113.13257498203522,91.09480667705358,1.7651933229464163,23.502476599035194,23.805974725572366,24.00507859260363,23.865705885681745
2023-07-12 11:00:00,16.32,0.0,0.0,0.0,23.66,0.0,,0.14,,32.2,0.58,0.0,23.48,89.19,56.53,,,238.03,,0.07,,14.52,56.46,,0.85,31.6,,102.0,13.84,0.0,30.8,,,4.0,26.25,,,103.0,1.26,,,,"[31.87929037745912, 31.895702174115065, 31.924849162211608, 31.94949990062409]","[14.670383991346489, 14.799092649407292, 14.959276574227983, 15.139729181829566, 15.324280628316552, 15.5064039436085, 15.672985038929765, 15.78420882474497]",,,0.0,,0.3759470000000008,96.63207534937534,26.49300437220762,27.210434060088215,0.0,26.851719216147917,,,,,,,,,,,49.725185449923,117.13833544903628,99.91703534240943,2.0829646575905656,23.61639226854502,23.93058228583673,24.129890468255688,23.990374740562416
2023-07-12 11:15:00,18.11,0.0,0.0,0.0,24.05,0.0,,0.14,,32.2,0.6,0.0,23.41,91.12,56.56,,19.89,237.93,,0.1,,14.61,56.47,14.85,1.1,31.57,,143.43,13.94,46.7,30.73,,,4.0,26.7,,,139.71,1.77,,-267.82263200000006,,"[31.8509692505675, 31.867157158152985, 31.89624666527461, 31.920793664203334]","[14.731549113012003, 14.895881596457981, 15.061218400986805, 15.24559320601806, 15.442828578699764, 15.674873539342796, 16.037565685489366, 16.907642004942772]",14.85,21.903584902448248,0.046700000000000005,-374.82334793832405,0.37469700000000083,130.78160492465852,26.851719216147917,27.981616046066094,0.0,27.416667631107003,,,,,,,,,,,51.89355848531178,121.43806642443533,139.38293163234644,4.047068367653566,23.749900078402188,24.112151121776254,24.311896687959894,24.172074791631346
2023-07-12 11:30:00,18.65,0.0,0.0,0.0,24.39,0.0,,0.14,,32.19,0.59,0.0,23.29,91.04,56.56,,,238.0,,0.09,,14.69,56.47,,0.95,31.56,,155.5,14.0,0.0,30.7,,,4.0,26.4,,,191.5,1.53,,,,"[31.82234008627023, 31.838304597751304, 31.867337168807136, 31.891781876388684]","[14.76245757109799, 14.924515472966613, 15.089109585880104, 15.27278065782629, 15.469689417251459, 15.702403922588504, 16.068996620021526, 16.916282753685763]",,,0.0,,0.3731345000000008,178.96684285887557,27.416667631107003,28.252737212798415,0.0,27.83470242195271,,,,,,,,,,,53.960701704710985,126.0745169824664,150.68151325424364,4.81848674575636,23.88090932812479,24.25639948692883,24.455421191473363,24.316105998292187
2023-07-12 11:45:00,18.6,0.0,0.0,0.0,24.45,0.0,,0.14,,32.14,0.62,0.0,23.3,108.04,56.6,,,238.07,,0.12,,14.7,56.48,,1.13,31.49,,596.29,14.0,0.0,30.7,,,4.0,25.8,,,616.86,2.16,,,,"[31.793839555064338, 31.809583546381504, 31.83855813415627, 31.862901192263475]","[14.793263329295524, 14.953107438517128, 15.116941389116706, 15.299916078392684, 15.496508568069238, 15.729916371724613, 16.099976857615413, 16.925258852505113]",,,0.0,,0.3725095000000008,572.184485174504,27.83470242195271,31.62077166401973,0.0,29.72773704298622,,,,,,,,,,,55.90440664246962,131.09140815812827,285.884871176873,310.405128823127,24.11842040224212,24.881990514755852,25.0790152320296,24.941097929937975
2023-07-12 12:00:00,18.6,0.0,0.0,0.0,24.95,0.0,,0.13,,32.1,0.6,0.0,23.35,113.25,56.75,,,238.17,,0.27,,14.7,56.62,,2.52,31.48,,555.5,14.0,0.0,30.7,,,4.0,26.35,,,575.5,4.69,,,-267.82263200000006,"[31.765601278372518, 31.78112832123405, 31.810043414850856, 31.834285212135086]","[14.824100921566798, 14.981792726353598, 15.14484864360986, 15.327133962083087, 15.523420547907277, 15.757538914887185, 16.13065953413445, 16.934691082874014]",,,0.0,,0.37688450000000084,531.4566825187859,29.72773704298622,31.956173198361917,0.0,30.84195512067407,,,,,,,,,,,57.69890145249453,136.52992751419424,311.455857787409,244.044142212591,24.24577571449818,24.98325301107447,25.18100890462353,25.04257977913919
2023-07-12 12:15:00,18.13,356.37,0.0,3.43,29.51,0.0,5.59,0.48,29.96,36.31,2.03,0.0,23.66,105.07,56.74,0.39,19.37,238.03,16.84,0.51,30.92,15.5,56.6,16.62,5.22,34.27,14.48,644.57,14.64,133.03,32.81,,,4.0,27.0,2.26,33.45,666.86,9.01,,-416.27673694444445,,"[31.757781993431017, 31.918470187111613, 32.03150438424521, 32.19656206360485]","[17.45610851345552, 17.406233874494458, 17.36125671151178, 17.321476210571678, 17.28717219413621, 17.25943357994325, 17.241576129374437, 16.737879940150776]",16.62,19.92980084762374,0.13303,-501.0156715580967,0.3778220000000008,612.5737387421989,30.84195512067407,33.48759810644896,0.0,32.164776613561514,8.083420502092048,300.99346920901957,-2132.0633107909807,2433.0567800000003,16.84,13.85061982117394,29.96,35.96,0.715,0.35637,59.31485721126398,142.42305730657182,248.15863250468968,396.4113674953104,24.49616736792954,25.260883540520904,25.459246175695707,25.320392331073343
2023-07-12 12:30:00,16.83,616.0,0.0,5.8,32.86,0.0,3.69,0.75,36.17,40.3,3.17,0.0,23.77,97.25,56.71,0.7,17.13,237.93,14.32,0.77,35.91,15.05,56.54,14.18,8.19,36.66,10.93,987.75,14.37,278.63,35.49,,,4.0,26.85,3.88,41.15,1007.25,13.61,,-935.2974442777775,,"[31.875054323544845, 36.3055129889619, 37.35205009407224, 38.618146362363376]","[13.974595263832002, 14.17419697206595, 14.360115167894385, 14.533407476772306, 14.695091244114664, 14.846197048904871, 14.987704655851914, 17.199161111732472]",14.18,16.714139124917967,0.27863,-803.4487616881689,0.3784470000000008,917.0382257234724,32.164776613561514,36.591129797573444,0.0,34.37795320556748,5.661041292639138,742.9087893779864,-3462.7285439553466,4205.637333333333,14.32,9.464885228518364,36.17,42.17,0.715,0.616,60.71993476583432,148.78743748055828,38.213146039443075,949.536853960557,24.77630620654565,25.659145773261155,25.85661506581597,25.718386561027597
2023-07-12 12:45:00,16.06,585.7,0.0,5.33,33.89,0.0,3.21,0.8,38.81,42.44,3.38,0.0,23.73,89.92,56.42,0.7,16.43,237.9,13.62,0.57,38.59,14.1,56.24,13.31,6.67,39.4,10.23,817.71,13.52,251.63,38.35,,,4.0,26.8,3.78,43.81,818.29,10.01,,-893.3401810666666,,"[35.38299384137176, 39.96890205433554, 40.94932977377002, 41.915084497750044]","[13.245832583573984, 13.300492745328883, 13.361146017530091, 13.42692488652066, 13.497050417991073, 13.570828407302896, 13.649379635798287, 15.512685839387297]",13.31,16.308833859756145,0.25163,-858.6470459177582,0.37125950000000085,743.9119111829054,34.37795320556748,35.100833781979574,0.0,34.73939349377353,5.097146521320935,784.5113175787312,-3214.2578157546022,3998.7691333333332,13.62,9.113267692651764,38.81,44.81,0.715,0.5857,61.88015675217692,155.61326695218244,110.81836500704509,706.891634992955,25.021650635781484,25.80591259274926,26.00306127196332,25.865057196513476
2023-07-12 13:00:00,15.41,560.53,0.0,4.97,32.94,0.0,2.92,0.84,40.92,44.52,3.55,0.0,23.72,111.93,56.38,0.71,15.94,238.0,12.95,0.67,40.69,13.4,56.18,12.56,6.33,41.1,9.62,936.0,12.77,268.43,40.05,,,4.0,27.3,3.69,45.87,944.5,11.8,,-1032.3990788222218,-416.27673694444445,"[38.94209208793949, 42.642656100481595, 43.43780851691431, 44.1825788035836]","[12.634531761103446, 12.68087831947909, 12.72793955567358, 12.775939273295567, 12.825049527476628, 12.875405767233756, 12.930790476821432, 14.520899834941591]",12.56,15.603122630554864,0.26843,-929.5020711621003,0.36594700000000085,855.1926765969549,34.73939349377353,36.7258803096536,0.0,35.73263690171356,4.711068589932293,812.326350227971,-3014.5988031053625,3826.9251533333336,12.95,8.723210925067406,40.92,46.92,0.715,0.56053,62.762321228511816,162.85422580380367,53.70856199248483,882.2914380075151,25.119340160965073,25.95233415677835,26.15005895936458,26.011651597554216
2023-07-12 13:15:00,14.93,499.0,479.73,4.67,32.65,0.0,2.65,0.88,42.92,45.36,3.71,0.0,23.75,115.45,56.23,0.8,15.48,238.0,12.34,0.54,42.66,12.77,56.08,11.86,4.76,42.66,9.17,764.57,12.09,262.37,41.78,41.24,42.88,4.0,28.2,3.6,47.93,755.14,9.66,-784.7903070000003,-1080.7434261555559,-900.0,"[42.51297216922085, 42.520077050145865, 42.794876531609845, 45.241512897132715]","[12.183099145331473, 12.220083192371726, 12.257534656460225, 12.295477274647121, 12.333941975692461, 12.372981333936176, 12.416810435950898, 13.875310174659019]",11.86,15.164809904323425,0.26237,-986.6440825390366,0.3553220000000008,682.546474218368,42.88,38.70053961326513,-2000.0000000000005,36.16064017700293,4.402268999453253,773.882589581975,-2632.9567437513583,3406.8393333333333,12.34,8.648313800232948,42.92,48.92,0.715,0.499,63.33740807201395,170.42117406269347,147.87296780963817,616.6970321903618,25.01748158938036,25.789596512848455,25.989052948172628,25.849433443445704
2023-07-12 13:30:00,14.65,0.0,475.27,0.0,32.84,0.0,,0.45,,45.84,1.9,0.0,23.77,110.18,56.52,,14.96,238.03,,0.54,,12.21,56.36,11.3,5.45,43.25,,718.75,11.55,271.47,42.39,39.64,43.7,4.0,27.2,,,723.75,9.57,-1924.7722095000013,-1130.5838698,-893.3401810666666,"[43.56748168177326, 43.4484909670453, 43.365002604495174, 42.988545838342425]","[12.23195921292276, 13.226503823402181, 13.400461157550836, 13.60132928743992, 13.833842492719, 14.104032914211654, 14.41909214227643, 14.786828738128692]",11.3,14.668303986610823,0.27147000000000004,-1040.478184657167,0.35813450000000085,651.8394980755285,43.7,39.52817114152755,-1977.7882388122869,37.03587205499459,,,,,,,,,,,63.5844585566413,178.18417786907457,184.72124923688108,534.028750763119,24.901266111193266,25.661696200640428,25.859731630151213,25.72110682949366
2023-07-12 13:45:00,15.17,0.0,472.03,0.0,32.77,0.0,,0.16,,43.93,0.67,0.0,23.73,108.52,56.96,,14.69,238.1,,0.65,,12.21,56.77,11.35,6.36,43.03,,766.29,11.52,268.03,42.3,40.03,42.75,4.0,27.3,,,774.86,11.45,-1280.7117959999991,-1018.6611186888887,-900.0,"[42.80072212082491, 42.83565089437609, 42.85972983529384, 43.305944669639715]","[13.083433722351062, 14.060757068103461, 14.208665395126916, 14.351955395990123, 14.484367932186984, 14.597533862260724, 14.680238719279453, 14.717625928194206]",11.35,14.730022574618376,0.26803,-1030.8675380402556,0.3734470000000008,694.8747036729137,42.75,39.81603105731681,-1381.4590566147074,38.08519363834659,,,,,,,,,,,63.49392273445596,185.9855591547555,146.56828161295604,619.7217183870439,24.789001669966126,25.560549890748533,25.758913069574792,25.620058844396407
2023-07-12 14:00:00,15.55,0.0,471.5,0.0,33.03,0.0,,0.16,,42.95,0.66,0.0,23.68,107.73,57.07,,14.94,238.0,,0.58,,13.1,56.91,11.85,5.99,42.25,,776.5,12.37,239.33,41.53,41.63,42.25,4.0,27.9,,,765.5,10.11,-291.59917499999875,-841.5026286333335,-900.0,"[42.2771167331751, 42.3047447681917, 42.33200078073933, 42.87577583095471]","[13.88661525616722, 14.524447159634462, 14.622460998855246, 14.708035449912305, 14.779393993146881, 14.835621194958678, 14.877634127408392, 14.909342698905688]",11.85,15.398478409964424,0.23933000000000001,-966.3604885545939,0.3865720000000008,686.0970870158799,42.25,39.714122794709006,-1192.6769370389668,38.22123515420874,,,,,,,,,,,63.06934014514771,193.6619180278291,138.96027361930786,637.5397263806922,24.68810740371405,25.46190379973026,25.661405357770192,25.521754267142235
2023-07-12 14:15:00,15.96,0.0,469.23,0.0,32.74,0.0,,0.16,,42.3,0.67,0.0,23.68,107.72,57.1,,15.44,238.1,,0.57,,14.43,56.91,12.9,5.93,41.71,,680.86,13.71,221.13,40.97,38.79,41.31,4.0,28.5,,,632.0,10.04,-1179.5034510000016,-639.1182797999999,-900.0,"[41.37759850912289, 41.441099841388656, 41.50115371484612, 42.3580548740872]","[14.400014448072325, 14.86603780804925, 14.946596520912719, 15.022021178847565, 15.094552432959617, 15.167447075988516, 15.245186309427744, 15.333311704608565]",12.9,16.348850628461904,0.22113,-867.8045200589451,0.3993845000000008,567.4393839134101,41.31,39.08965372350861,-1039.2484506097603,37.794159152009485,,,,,,,,,,,62.32670542474838,201.06814225743693,217.16117761014456,463.6988223898554,24.59096233599436,25.342394187323364,25.543068119756196,25.402596367053214
2023-07-12 14:30:00,16.4,0.0,469.7,0.0,32.8,0.0,,0.45,,41.23,1.9,0.0,23.76,104.54,57.02,,16.2,238.09,,0.61,,15.37,56.84,14.13,6.45,40.61,,777.43,14.64,248.83,39.82,38.1,40.11,4.0,28.05,,,740.29,10.64,-941.7367574999992,-586.1016468999997,-900.0,"[40.20701782579956, 40.300400926206436, 40.390572223231466, 41.55693971010821]","[14.79542520678809, 15.359687453219474, 15.457213977025518, 15.55892233142811, 15.666833599395243, 15.783071731355573, 15.909513058224901, 16.047448885141705]",14.13,16.927299462121244,0.24883000000000002,-792.0298655177512,0.4043845000000008,664.5376668785007,40.11,38.67846083420408,-670.712961308907,37.84165411777586,,,,,,,,,,,61.29176933960105,208.09522712090683,138.27918642630596,639.150813573694,24.494013427831447,25.26358783311826,25.463656939823082,25.323608565129707
2023-07-12 14:45:00,16.46,555.93,471.47,5.18,32.63,0.0,3.11,0.85,40.6,42.79,3.57,0.0,23.87,114.46,56.35,0.7,16.61,237.97,14.26,0.42,40.34,15.29,56.19,14.17,3.8,40.04,11.02,504.29,14.59,280.87,39.32,36.23,40.0,4.0,27.9,3.83,45.59,462.29,7.5,-1772.9982952500015,-779.821199422222,-841.5026286333335,"[39.99864966714909, 40.0866566308199, 40.18112567756654, 42.869613026585334]","[14.036809378655745, 14.121861912895485, 14.207540762204845, 14.294053692766848, 14.38171021081906, 14.470919876845826, 14.562829023973112, 16.188071299212687]",14.17,16.715909074022388,0.28087,-813.6696179196958,0.3909470000000008,418.53012671795165,40.0,37.331548534879204,-1254.9495752298506,35.76079839885198,4.9435683364254785,767.7691824412823,-3027.7502375587173,3795.5194199999996,14.26,10.014771211162568,40.6,46.6,0.715,0.5559299999999999,59.99626082230773,214.67732752061235,331.7139361212005,172.57606387879952,24.39695725785917,25.091638649000817,25.291743519871897,25.15167011026214
2023-07-12 15:00:00,15.89,539.0,472.1,5.02,32.02,0.0,3.06,0.86,40.94,43.4,3.62,0.0,23.93,103.34,56.38,0.71,16.18,237.97,13.47,0.67,40.68,14.31,56.24,13.27,7.13,40.61,10.12,842.5,13.61,331.0,39.67,36.67,40.67,4.0,28.45,3.73,45.92,774.0,11.92,-1883.6789999999999,-1096.0259566666668,-639.1182797999999,"[40.58716078953294, 40.355998174382115, 40.25882525423088, 43.02049402891161]","[13.13755788215842, 13.226754990267835, 13.315579127495727, 13.40412547699518, 13.492506164096516, 13.580859938863126, 13.672830269285445, 15.321978050341029]",13.27,15.700384580502881,0.331,-915.383018870648,0.38500950000000084,696.8829482488399,40.67,38.43165268600206,-1054.0819575210821,37.11082181170223,4.781744846130863,769.5794704822605,-2910.353196184407,3679.9326666666675,13.47,9.38937438535583,40.94,46.94,0.715,0.539,58.4741630457899,220.7887970376563,95.98442857808256,746.5155714219175,24.416296981282464,25.1964370234851,25.397267309244913,25.256686109213042
2023-07-12 15:15:00,15.27,522.7,474.27,4.88,32.49,0.0,2.93,0.86,41.73,44.07,3.64,0.0,23.89,109.33,56.32,0.8,15.48,238.0,12.92,0.66,41.43,13.54,56.16,12.38,6.15,41.24,9.64,775.43,12.86,333.93,40.32,37.32,41.35,4.0,29.0,3.69,46.73,690.29,11.76,-1906.5298297500008,-1177.9232336666664,-586.1016468999997,"[41.25823789201456, 40.8880795897971, 40.62697695328011, 43.40483097166335]","[12.65335640360042, 12.712316943642085, 12.773553990579416, 12.836864652370359, 12.902071083410146, 12.969038761472005, 13.04185408673166, 14.527019577428575]",12.38,14.984164461629112,0.33393,-989.5180076264439,0.3787595000000008,620.7535856690672,41.35,38.87960250802827,-1168.7063299711394,37.409462527229095,4.609020396437805,774.2745369691683,-2794.3725963641655,3568.647133333334,12.92,9.00199155740517,41.73,47.73,0.715,0.5227,56.758807445372035,226.43530697796788,139.74638784035525,635.6836121596447,24.45764126456244,25.21422605191165,25.415923526245365,25.274735294211762
2023-07-12 15:30:00,14.71,505.67,475.7,4.73,32.86,0.0,2.84,0.86,42.38,44.54,3.65,0.0,23.79,112.91,56.07,0.8,14.92,238.03,12.33,0.39,42.05,12.89,55.93,11.82,3.53,41.81,9.14,489.5,12.24,303.87,40.94,37.33,41.87,4.0,28.25,3.6,47.38,423.25,7.03,-2154.2788049999995,-1071.8879196666667,-779.821199422222,"[41.79143450515535, 41.43725533846086, 41.12419234335735, 43.815672253086824]","[12.153710932827117, 12.20328621381816, 12.253571682290964, 12.304654177650855, 12.356603362222897, 12.409496234524635, 12.467217421551277, 13.8498449380014]",11.82,14.757998642199775,0.30387000000000003,-1015.87266211968,0.36407200000000084,383.02441010422206,41.87,38.11259054562348,-1782.9311782532905,35.86413976759579,4.459500693481275,774.162374660737,-2678.2152720059303,3452.3776466666673,12.33,8.574856516107149,42.38,48.38,0.715,0.5056700000000001,54.88103372044093,231.64339992411576,334.7645431880336,154.7354568119664,24.387564514553944,25.070848779293577,25.271557817976866,25.13106149089856
2023-07-12 15:45:00,14.26,0.0,474.43,0.0,32.55,0.0,,0.61,,44.26,2.57,0.0,23.67,113.66,56.22,,14.64,237.97,,0.44,,12.26,56.08,11.38,3.91,42.1,,516.86,11.62,261.33,41.29,36.59,41.82,4.0,28.0,,,442.86,7.75,-2475.0657277499986,-969.4082808666667,-900.0,"[41.79390187671942, 41.738258829169716, 41.6601388801134, 41.34263668466534]","[12.212947540050441, 13.074892120161435, 13.236127323879728, 13.421237044790887, 13.634580617861266, 13.881904349913306, 14.170144494587387, 14.506916887748266]",11.38,14.807349007470394,0.26133,-1019.1719353564266,0.35875950000000084,400.92919784888375,41.82,38.026149901871484,-1795.4165112999742,35.76701821181543,,,,,,,,,,,52.868294325017786,236.45130355445463,328.1084483269953,188.7515516730047,24.270016278279634,24.96393384317043,25.164409737970715,25.02407661161051
2023-07-12 16:00:00,14.61,0.0,469.37,0.0,31.7,0.0,,0.16,,42.17,0.68,0.0,23.54,114.76,56.59,,14.57,238.1,,0.32,,12.09,56.47,11.47,2.82,41.32,,385.25,11.35,209.43,40.54,35.55,40.78,4.0,28.15,,,325.75,5.63,-2448.668087250002,-738.755017,-900.0,"[40.85227873067869, 40.9122513651776, 40.95937308014642, 41.607854164657596]","[12.88836989583588, 13.675594207513322, 13.846925882596631, 14.021638315653217, 14.193671836091122, 14.353153783464165, 14.485195101161732, 14.567885953030407]",11.47,15.503974981797407,0.20943,-961.328792340425,0.36375950000000085,295.3863102399836,40.78,37.362940165100696,-1599.8557112699204,35.368100380536646,,,,,,,,,,,50.74443115000374,240.9021167952389,320.8251986923118,64.4248013076882,24.131151483565315,24.74138321449417,24.94246614610061,24.801708093976103
2023-07-12 16:15:00,15.33,0.0,465.9,0.0,30.98,0.0,,0.16,,40.09,0.66,0.0,23.46,115.23,56.68,,15.1,238.0,,0.29,,12.33,56.54,12.0,2.55,39.71,,354.86,11.56,119.87,38.91,34.17,38.82,4.0,27.4,,,296.29,5.16,-2161.0189124999993,-422.8360974444444,-900.0,"[38.99287350222575, 39.154175992610206, 39.30448032904402, 40.99740424770509]","[13.35439655775868, 13.932477348593807, 14.102009401643018, 14.268154041759995, 14.428276734366467, 14.579608411626962, 14.72490458458034, 14.880761457328148]",12.0,17.78697891808155,0.11987,-789.3366392628635,0.3678220000000008,269.49207840921315,38.82,36.15299312986805,-1239.452104542489,34.617394471085674,,,,,,,,,,,48.52985394669542,245.0393607803946,306.5785502415034,48.28144975849659,23.97477106288625,24.557438690712562,24.757599287253797,24.61748686967493
2023-07-12 16:30:00,15.7,0.0,464.73,0.0,30.72,0.0,,0.16,,38.54,0.66,0.0,23.45,114.67,56.82,,16.37,238.07,,0.39,,12.61,56.67,12.48,3.5,38.12,,468.0,11.86,79.37,37.36,34.25,37.31,4.0,27.3,,,381.25,6.85,-1418.5186155000013,-351.3223979222223,-900.0,"[37.452748088754326, 37.59649918315368, 37.740671094557435, 39.443016412497094]","[13.625208570225107, 14.092715052649748, 14.263601803426731, 14.433731497627427, 14.610273649509864, 14.810250955709746, 15.077930250978678, 15.514926619397192]",12.48,19.605958662808455,0.07937000000000001,-643.5755488206938,0.37500950000000083,347.28680438365035,37.31,35.363542946626815,-902.3155439480861,34.24807808454469,,,,,,,,,,,46.24191626084725,248.9044041492096,336.8830344786669,131.1169655213331,23.845850776727808,24.51643962746901,24.716504087438587,24.57645896545988
2023-07-12 16:45:00,16.41,0.0,463.67,0.0,31.4,0.0,,0.16,,37.59,0.66,0.0,23.55,113.43,56.95,,16.09,237.97,,0.4,,13.03,56.81,12.58,3.54,37.2,,491.14,12.3,143.87,36.35,34.54,36.46,4.0,27.0,,,389.43,7.07,-888.020784000001,-574.6153413000001,-738.755017,"[36.538656684974896, 36.623101591697996, 36.71313674334224, 37.88306572820611]","[13.939443743862704, 14.455251291075912, 14.644688632735383, 14.846192452446923, 15.067247014540172, 15.31592921915298, 15.595107232671538, 15.883156841371452]",12.58,17.45861125504292,0.14387,-798.6680545260712,0.38250950000000083,355.76784840762986,36.46,34.59488792375998,-862.6345250992365,33.53060478340954,,,,,,,,,,,43.895358276188055,252.53518963348478,334.49026176975235,156.64973823024764,23.785492071829896,24.47834904880785,24.67798675158956,24.53824035964236
2023-07-12 17:00:00,16.98,0.0,464.47,0.0,31.39,0.0,,0.16,,36.76,0.67,0.0,23.6,114.45,56.83,,15.85,238.1,,0.25,,13.84,56.71,12.74,2.18,36.35,,300.0,13.07,185.07,35.44,32.97,35.5,4.0,27.0,,,234.75,4.34,-1172.1713272500008,-654.9320906333331,-422.8360974444444,"[35.58389550014043, 35.66740222320274, 35.75142646329165, 36.8062352248086]","[14.327857091631127, 14.971268474362516, 15.155968393800022, 15.33998338208184, 15.517640152326662, 15.678658577198911, 15.805405416101232, 15.871950692040187]",12.74,16.740546269984034,0.18506999999999998,-842.4714251691403,0.38532200000000083,215.48589139681968,35.5,33.49226747727704,-930.2001960170609,32.34289254415458,,,,,,,,,,,41.50274370069305,255.965781497884,272.34195951595547,27.658040484044534,23.80449926758029,24.339798772371267,24.5396622300191,24.399757809665616
2023-07-12 17:15:00,17.19,0.0,361.33,0.0,31.05,0.0,,0.15,,35.81,0.65,0.0,23.59,115.62,56.79,,15.99,238.07,,0.19,,14.76,56.65,13.44,1.69,35.5,,226.57,14.01,194.23,34.59,32.3,34.51,4.0,27.0,,,184.0,3.31,-796.5429517500002,-563.5810051666668,-351.3223979222223,"[34.66556967369503, 34.80878352538148, 34.9424282756662, 35.900122329237234]","[14.817509347145096, 15.414628009343533, 15.558430216746114, 15.687920334270157, 15.797709917909648, 15.88278750433699, 15.940012732022579, 15.971477742248796]",13.44,17.040777034447494,0.19422999999999999,-795.8155060607718,0.3865720000000008,169.3946566483025,34.51,32.33980478362008,-782.1962459407187,31.61426293361393,,,,,,,,,,,39.074855954302464,259.2263879357606,214.4630948706407,12.10690512935929,23.828060525849637,24.285007184547194,24.484959920021765,24.344993005189565
2023-07-12 17:30:00,17.27,0.0,0.0,0.0,30.26,0.0,,0.22,,35.39,0.95,0.0,23.53,114.62,56.73,,16.49,238.07,,0.16,,15.42,56.6,14.31,1.36,34.96,,178.25,14.71,125.6,34.12,,,4.0,26.8,,,148.0,2.74,,-311.5630808888886,-574.6153413000001,"[34.628776403243435, 34.77075922984236, 34.907092202933825, 35.85517488595577]","[15.18218544355241, 15.622371683910163, 15.748723312710126, 15.861198040178802, 15.961322036090895, 16.05437512610874, 16.15325195518014, 16.282751978008903]",14.31,18.82065220064003,0.1256,-644.6572002062633,0.38469700000000084,136.49177754231388,33.424902391810036,28.925258969867077,-0.0,31.175080680838555,,,,,,,,,,,36.6210413060083,262.34363153129556,171.66516603716735,6.584833962832647,23.742707251397434,24.14549596177834,24.345350136382756,24.205452214159664
2023-07-12 17:45:00,17.1,636.17,0.0,6.07,29.56,0.0,4.15,0.74,34.93,38.16,3.13,0.0,23.49,114.73,56.09,0.68,17.49,237.93,15.19,0.12,34.76,15.74,55.97,14.84,1.15,34.86,11.76,145.14,15.03,84.87,34.03,,,4.0,26.5,3.96,39.85,121.43,2.2,,-255.91746949999984,-654.9320906333331,"[34.727513943293566, 37.12110106556144, 37.65965884569837, 38.28706778438046]","[14.77186341583568, 14.793457944504148, 14.816767606753084, 14.84153150937012, 14.867531912594725, 14.89467017502408, 14.923220680519005, 16.316153134109765]",14.84,20.25341375428245,0.08487,-522.7876035292301,0.3653220000000008,112.66395804511929,31.175080680838555,28.153414476380444,-0.0,29.664247578609498,6.1010101010101,711.9058278476822,-3631.438818818984,4343.344646666666,15.19,10.09833542763344,34.93,40.93,0.715,0.63617,34.14949844051849,265.34092884326253,140.9899064250198,4.15009357498019,23.61059412492887,23.975503183069748,24.17514552292657,24.035395885026794
2023-07-12 18:00:00,15.84,598.93,0.0,5.65,28.89,0.0,3.99,0.77,36.04,39.44,3.25,0.0,23.46,112.38,55.8,0.7,17.55,237.9,13.25,0.08,35.79,14.51,55.71,14.21,0.75,36.69,9.78,93.75,13.83,100.67,35.57,,,4.0,26.4,3.77,41.01,84.25,1.44,,-382.6012566444444,-563.5810051666668,"[36.62858435405097, 38.77982404016127, 39.22139448213141, 39.640082396173625]","[12.808859279931744, 12.854260343913692, 12.89921976250235, 12.943772386868023, 12.987948671686432, 13.031778096608322, 13.076506776294725, 15.30552750861797]",14.21,19.439808288046265,0.10067,-599.0812044958177,0.34375950000000083,78.49628626615024,29.664247578609498,27.549611103923358,-0.0,28.60692934126643,5.473949287947204,747.0099809541334,-3342.0847723791994,4089.094753333333,13.25,8.564040664767933,36.04,42.04,0.715,0.59893,31.66751941248467,268.23889912521224,91.95540304344338,1.7945969565566173,23.497428960975235,23.80283272104413,24.00259347070025,23.862760945940966
2023-07-12 18:15:00,14.81,0.0,471.2,0.0,28.61,0.0,,0.5,,39.51,2.1,0.0,23.42,112.71,55.94,,17.11,238.0,,0.12,,13.2,55.85,13.16,1.03,37.37,,142.0,12.5,114.27,36.56,32.54,36.89,4.0,26.2,,,122.29,2.15,-2044.5957000000005,-513.6049251666666,-311.5630808888886,"[36.8516992876161, 37.01243677755952, 37.19819548053501, 39.239295577612346]","[12.85823142791335, 13.035475200793245, 13.144084680253604, 13.307809762289274, 13.57284864743476, 14.025493804486015, 14.825242864887418, 16.265914286075795]",13.16,18.508637593855916,0.11427,-695.4649648445538,0.3318845000000008,113.25069341224001,36.89,32.63488002689236,-1999.9999999999989,30.132810383816555,,,,,,,,,,,29.181688905886976,271.05575927419386,138.03756837818057,3.9624316218194338,23.500713413158138,23.86266363582324,24.06200101502577,23.922464849584
2023-07-12 18:30:00,15.05,0.0,467.77,0.0,28.67,0.0,,0.16,,37.65,0.67,0.0,23.35,112.1,56.21,,17.49,238.07,,0.1,,12.78,56.11,12.91,0.88,36.95,,113.5,12.11,70.73,36.11,32.52,36.08,4.0,26.2,,,99.0,1.7,-1661.0980469999977,-368.6115954888888,-255.91746949999984,"[36.1363345106341, 36.20215161802973, 36.279080090512814, 37.36916120500446]","[12.954945976649377, 13.18198697046857, 13.346945982256978, 13.603049419289679, 14.008745247768722, 14.642836388440095, 15.574000500445367, 16.729813696107303]",12.91,20.11444745595272,0.07073,-579.8346880686897,0.33000950000000084,91.51733658617913,36.08,32.60217681557011,-1622.7542976033164,30.584712718888486,,,,,,,,,,,26.69804888433428,273.80768428160536,110.9639125081734,2.5360874918266063,23.51615642939509,23.845029265835937,24.044395378614016,23.90483909966936
2023-07-12 18:45:00,15.36,0.0,466.37,0.0,28.61,0.0,,0.16,,36.13,0.66,0.0,23.34,110.47,56.22,,,238.03,,0.09,,12.77,56.12,,0.8,35.66,,104.86,12.1,0.0,34.79,31.29,34.7,4.0,26.1,,,87.14,1.55,-1586.3458957500018,,-382.6012566444444,"[34.82125528640466, 34.93667536005552, 35.04833352610264, 36.36396326833806]","[12.992852284146363, 13.215749146667147, 13.381824081263154, 13.637919234355584, 14.043391497706187, 14.6763100442425, 15.603007411838176, 16.735066007675982]",,,0.0,,0.32782200000000083,80.59884999123727,34.7,32.00113540080424,-1255.5228094191118,30.444264900820848,,,,,,,,,,,24.22223507224942,276.5091251123876,102.67012471219637,2.1898752878036305,23.476288042801876,23.795278805863685,23.99456304166199,23.855064076603178
2023-07-12 19:00:00,16.01,0.0,465.5,0.0,28.28,0.0,,0.16,,34.83,0.68,0.0,23.46,100.49,56.19,,19.18,237.97,,0.06,,12.86,56.11,13.49,0.64,34.46,,73.75,12.14,54.73,33.67,30.36,33.46,4.0,25.8,,,59.25,1.01,-1439.4423750000008,-354.35418907777773,-513.6049251666666,"[33.576521350181544, 33.692330784386876, 33.80759383071189, 35.15647559505382]","[13.093135277689594, 13.35661221379003, 13.575482208313698, 13.911277127542023, 14.424558201096149, 15.179488220219529, 16.211643832407134, 17.49042761672011]",13.49,21.22618485690921,0.054729999999999994,-481.7837454351225,0.32469700000000085,54.96258775861543,33.46,31.07928677997087,-1105.451448913751,29.71072799898138,,,,,,,,,,,21.759590765894554,279.1730827525165,72.54350056270543,1.2064994372945677,23.369087178481777,23.65135574970666,23.85038567255469,23.71106472656107
2023-07-12 19:15:00,17.67,0.0,349.03,0.0,27.9,0.0,,0.15,,33.71,0.65,0.0,23.49,106.4,56.19,,17.27,238.1,,0.06,,12.91,56.11,12.94,0.65,33.44,,84.0,12.25,101.2,32.67,29.87,32.33,4.0,25.7,,,62.86,1.08,-856.4672654999989,-498.61835955555557,-368.6115954888888,"[32.528990155700384, 32.712771727564345, 32.884781203102, 34.01922041739748]","[13.250617015939953, 13.752121805281076, 14.10247004994368, 14.588157615807217, 15.228308043856858, 16.001941664599848, 16.803032135182324, 17.383043592948216]",12.94,18.8853432503501,0.1012,-684.6321705506379,0.32188450000000085,58.424098978723116,32.33,29.951681684470163,-828.0291805652048,29.22410662796377,,,,,,,,,,,19.31526249228726,281.8113405219651,82.510513072932,1.4894869270680005,23.323659962587108,23.618372047589194,23.817292773575655,23.678048265385133
2023-07-12 19:30:00,18.36,0.0,0.0,0.0,27.71,0.0,,0.15,,33.22,0.61,0.0,23.33,93.07,56.17,,16.6,238.1,,0.04,,13.02,56.04,13.09,0.57,32.96,,64.25,12.36,81.73,32.2,,,4.0,25.45,,,43.75,0.74,,-326.4288027000001,,"[32.49883448768525, 32.68113014244915, 32.856181011745115, 33.979260830742376]","[13.49334741002905, 14.1173827627786, 14.552184141589576, 15.103529649452897, 15.748400775462544, 16.40731557791307, 16.9219752653454, 17.061870250930625]",13.09,19.635472871193578,0.08173,-608.7267442874789,0.3184470000000008,40.72601298493171,31.14084084223508,26.52145909077861,-0.0,28.831149966506842,,,,,,,,,,,16.89428112489966,284.43465812784854,63.27464142898856,0.9753585710114407,23.41521356584161,23.686327097505142,23.88472974513353,23.74584789179366
2023-07-12 19:45:00,18.4,0.0,0.0,0.0,27.44,0.0,,0.14,,33.24,0.59,0.0,23.14,88.88,56.16,,,237.97,,0.03,,13.06,56.03,,0.43,32.89,,46.86,12.41,0.0,32.1,,,4.0,25.1,,,34.0,0.53,,,-354.35418907777773,"[32.468137751389726, 32.64897121510269, 32.8269868178154, 33.93883990075083]","[13.534555553730828, 14.145540641941514, 14.582684278058434, 15.13182575171099, 15.773352620013313, 16.427734413741415, 16.93740982695451, 17.080096327589597]",,,0.0,,0.31500950000000083,31.83667383868536,28.831149966506842,25.850570309529385,-0.0,27.340860138018115,,,,,,,,,,,14.501631264757126,287.0529312194941,46.239768425700476,0.6202315742995239,23.352339983232973,23.602643452177592,23.80061216192768,23.662034065102617
2023-07-12 20:00:00,18.39,0.0,0.0,0.0,27.08,0.0,,0.14,,33.22,0.55,0.0,23.14,107.0,56.13,,,237.97,,0.01,,13.06,56.03,,0.13,32.8,,16.25,12.5,0.0,32.03,,,4.0,24.8,,,8.25,0.18,,,-498.61835955555557,"[32.43753854596129, 32.61693650605701, 32.79783922998451, 33.89859538877053]","[13.575436925394365, 14.173820042778244, 14.613016383562927, 15.16001035306338, 15.79820372571653, 16.448080048413875, 16.952903916244402, 17.0982211402643]",,,0.0,,0.3109470000000008,7.757981889959126,27.340860138018115,25.176333617419814,-0.0,26.258596877718965,,,,,,,,,,,12.142311005130434,289.67531992695604,16.081133028809017,0.16886697119098315,23.21722838830194,23.430956351064328,23.62871598680854,23.49028424178759
2023-07-12 20:15:00,18.37,0.0,0.0,0.0,26.5,0.0,,0.13,,33.2,0.54,0.0,23.22,112.43,56.12,,,238.13,,0.01,,13.16,56.03,,0.09,32.8,,11.14,12.5,0.0,32.0,,,4.0,24.5,,,4.29,0.1,,,-326.4288027000001,"[32.407304725918486, 32.58529477020405, 32.76900741471347, 33.858794313911616]","[13.616265740019918, 14.202482513153504, 14.643454548397436, 15.188351722740588, 15.823223243255239, 16.468622727555488, 16.968721668384646, 17.116513979046122]",,,0.0,,0.30719700000000083,4.046095400384035,26.258596877718965,24.747626985909086,-0.0,25.503111931814026,,,,,,,,,,,9.821383602753182,292.3103493195366,11.028824271086377,0.11117572891362393,23.146504635888633,23.353967576256217,23.551363835826937,23.413186454127434
2023-07-12 20:30:00,18.39,0.0,0.0,0.0,26.09,0.0,,0.12,,33.2,0.54,0.0,23.33,110.65,56.09,,,238.03,,0.01,,13.16,56.03,,0.14,32.8,,14.0,12.51,0.0,32.0,,,4.0,24.3,,,13.0,0.21,,,,"[32.37753569899085, 32.554145387016334, 32.740591768856156, 33.819535255844784]","[13.657148478241517, 14.231618820189265, 14.674103835296478, 15.21694948147263, 15.848511576855524, 16.489463844125353, 16.984958665867325, 17.135076525120166]",,,0.0,,0.30375950000000085,12.283477505015787,25.503111931814026,24.56044253774816,-0.0,25.031777234781092,,,,,,,,,,,7.54402205867885,294.96598408459516,13.857082470003688,0.14291752999631235,23.20519435055307,23.4159732059657,23.612942551585906,23.47506400965176
2023-07-12 20:45:00,18.37,0.0,0.0,0.0,25.82,0.0,,0.13,,33.21,0.57,0.0,23.43,111.42,56.09,,,238.07,,0.0,,13.27,55.98,,0.02,32.77,,0.0,12.6,0.0,32.0,,,4.0,24.1,,,0.0,0.05,,,,"[32.34819649770007, 32.52345263040625, 32.71255805657191, 33.78078242854166]","[13.698057728441048, 14.26118364893133, 14.704934395825887, 15.245768729657105, 15.874034519624601, 16.510570080057885, 17.001576078717534, 17.153876722982393]",,,0.0,,0.2996970000000008,0.0,25.031777234781092,24.21064479511144,-0.0,24.621211014946265,,,,,,,,,,,5.315547148189901,297.6496791003407,0.0,0.0,23.254788563256582,23.44834558400912,23.644936300322737,23.507322798903203
2023-07-12 21:00:00,18.76,0.0,0.0,0.0,25.45,0.0,,0.14,,33.21,0.6,0.0,23.5,106.94,56.07,,19.65,238.0,,0.01,,13.36,55.95,14.36,0.06,32.74,,0.0,12.71,83.83,32.0,,,4.0,23.4,,,0.0,0.1,,-504.6090031888888,,"[32.31918524798526, 32.49311351553714, 32.68480500323444, 33.74243315055885]","[13.971066337465174, 14.683723013207183, 15.180679935905804, 15.752448681278858, 16.36954332406968, 16.978112292365882, 17.554625403404685, 18.240206299285763]",14.36,20.120077632575935,0.08383,-549.4493445112963,0.29563450000000085,0.0,24.621211014946265,23.545013891188596,-0.0,24.08311245306743,,,,,,,,,,,3.141459015467314,300.3684070227115,0.0,0.0,23.292884728225285,23.48562194458566,23.681011337232814,23.544238762379806
2023-07-12 21:15:00,19.39,0.0,0.0,0.0,24.97,0.0,,0.14,,33.21,0.62,0.0,23.36,101.52,56.06,,18.85,238.03,,0.0,,13.59,55.95,13.78,0.03,32.71,,0.0,12.93,67.73,31.97,,,4.0,22.6,,,0.0,0.03,,-390.74091723333345,,"[32.2897972241872, 32.462418929622984, 32.65662737872351, 33.703781900746776]","[14.264330567823226, 15.027028480200272, 15.553596434004286, 16.13571842575776, 16.74157132659044, 17.334378062158798, 17.904835406033513, 18.468251622300517]",13.78,20.534802413171906,0.06773,-520.5873157105965,0.29125950000000084,0.0,24.08311245306743,22.776113632498664,-0.0,23.429613042783046,,,,,,,,,,,1.0274620538090324,303.1286635725279,0.0,0.0,23.318125311403385,23.50994593195038,23.703992164871014,23.568159801826567
2023-07-12 21:30:00,19.48,0.0,0.0,0.0,24.61,0.0,,0.13,,33.2,0.58,0.0,23.16,87.66,56.06,,,238.03,,0.0,,13.7,55.96,,0.0,32.7,,0.0,13.07,0.0,31.9,,,4.0,22.35,,,0.0,0.0,,,,"[32.25983270365089, 32.43116758331369, 32.62782587541791, 33.66462818069598]","[14.305048697668346, 15.05149972849013, 15.579907153755576, 16.159607637681905, 16.762895520052858, 17.353580799593043, 17.922228207834255, 18.475709469429233]",,,0.0,,0.28719700000000087,0.0,23.429613042783046,22.478199702095562,-0.0,22.953906372439306,,,,,,,,,,,0.0,304.51918945952997,0.0,0.0,23.339143971159046,23.530663570920176,23.724268694476653,23.588745107987116
2023-07-12 21:45:00,19.46,0.0,0.0,0.0,24.28,0.0,,0.13,,33.19,0.56,0.0,23.06,50.94,56.01,,,238.07,,0.0,,13.71,55.95,,0.0,32.69,,0.0,13.1,0.0,31.9,,,4.0,22.0,,,0.0,0.0,,,-504.6090031888888,"[32.2296287952231, 32.399697976184434, 32.59873898475795, 33.625308336160195]","[14.345062013575058, 15.075802643312864, 15.605732550231014, 16.183079117337712, 16.783818978228812, 17.37238631337506, 17.93911244609309, 18.48295340314656]",,,0.0,,0.28313450000000084,0.0,22.953906372439306,22.11327254111208,-0.0,22.533589456775694,,,,,,,,,,,0.0,304.51918945952997,0.0,0.0,23.153038271180407,23.344375833324506,23.537714202885013,23.402377344192658
2023-07-12 22:00:00,19.46,0.0,0.0,0.0,23.97,0.0,,0.13,,33.18,0.56,0.0,23.04,24.56,56.0,,,237.97,,0.0,,13.79,55.97,,0.0,32.67,,0.0,13.1,0.0,31.9,,,4.0,21.95,,,0.0,0.0,,,-390.74091723333345,"[32.19945446216452, 32.36828007495901, 32.56963691140639, 33.586090572619085]","[14.384647270566171, 15.100198125255988, 15.63134833197385, 16.206402085200658, 16.80461138049001, 17.39106292130566, 17.955764125903638, 18.49024647782671]",,,0.0,,0.2790720000000009,0.0,22.533589456775694,22.019298898345927,-0.0,22.276444177560812,,,,,,,,,,,0.0,304.51918945952997,0.0,0.0,23.014474946504507,23.20591087605112,23.399393391080693,23.26395563055999
2023-07-12 22:15:00,19.47,0.0,0.0,0.0,23.7,0.0,,0.12,,33.11,0.55,0.0,23.04,10.87,55.97,,,238.13,,0.0,,13.79,55.95,,0.0,32.64,,0.0,13.13,0.0,31.9,,,4.0,21.9,,,0.0,0.0,,,,"[32.16937670711142, 32.33698077224152, 32.540587516759054, 33.547041141100486]","[14.4238801072453, 15.124742324244398, 15.656827563450861, 16.22964354431876, 16.825340063153828, 17.409676753143607, 17.97225663933361, 18.497651095218032]",,,0.0,,0.27532200000000084,0.0,22.276444177560812,21.94470123044689,-0.0,22.11057270400385,,,,,,,,,,,0.0,304.51918945952997,0.0,0.0,23.03324874489138,23.224608287288653,23.417978866237863,23.282619460973415
2023-07-12 22:30:00,19.45,0.0,0.0,0.0,23.47,0.0,,0.13,,33.1,0.54,0.0,23.06,6.85,55.97,,,237.97,,0.0,,13.81,55.96,,0.0,32.62,,0.0,13.2,0.0,31.81,,,4.0,21.5,,,0.0,0.0,,,,"[32.13946230776942, 32.305866739131424, 32.51165842503904, 33.50822607649791]","[14.46283562723714, 15.14949171302435, 15.682242734382719, 16.25287036465778, 16.846072116065358, 17.428293834596744, 17.98866287190579, 18.505229608634945]",,,0.0,,0.2712595000000009,0.0,22.11057270400385,21.5725030503144,-0.0,21.841537877159126,,,,,,,,,,,0.0,304.51918945952997,0.0,0.0,23.045598959634816,23.23650050410011,23.429199942762526,23.29431033569883
2023-07-12 22:45:00,19.43,0.0,0.0,0.0,23.27,0.0,,0.13,,33.09,0.56,0.0,23.09,6.11,55.97,,,238.2,,0.0,,13.87,55.95,,0.0,32.59,,0.0,13.2,0.0,31.8,,,4.0,21.2,,,0.0,0.0,,,,"[32.109744307183625, 32.27497073228277, 32.482883452883385, 33.469677687721884]","[14.501555086100922, 15.174469012144769, 15.707632211933198, 16.276115706703106, 16.86684081809142, 17.446946511162228, 18.005021651160188, 18.513010989148235]",,,0.0,,0.26719700000000085,0.0,21.841537877159126,21.276180039954696,-0.0,21.55885895855691,,,,,,,,,,,0.0,304.51918945952997,0.0,0.0,23.053158025222835,23.2437179634249,23.435916819640397,23.30137762028955
2023-07-12 23:00:00,19.43,0.0,0.0,0.0,23.08,0.0,,0.14,,33.08,0.56,0.0,23.12,5.96,55.97,,,237.97,,0.0,,13.88,55.95,,0.0,32.6,,0.0,13.25,0.0,31.8,,,4.0,21.75,,,0.0,0.0,,,,"[32.08022212612913, 32.24429170921205, 32.454262722745604, 33.431394670419586]","[14.540046005528552, 15.199663298365548, 15.7330003664184, 16.299379127255094, 16.88764575385876, 17.46563355409342, 18.02133787597882, 18.520990927030113]",,,0.0,,0.26282200000000083,0.0,21.55885895855691,21.727302770900142,0.0,21.643080864728525,,,,,,,,,,,0.0,304.51918945952997,0.0,0.0,23.069037608300828,23.260190794760394,23.453258984171264,23.318111251583655
2023-07-12 23:15:00,19.43,0.0,0.0,0.0,22.79,0.0,,0.13,,33.06,0.54,0.0,23.15,5.92,55.97,,,238.1,,0.0,,13.96,55.95,,0.0,32.56,,0.0,13.3,0.0,31.8,,,4.0,22.3,,,0.0,0.0,,,,"[32.050895185631624, 32.21382863681832, 32.42579634726462, 33.393375729815496]","[14.578315614399369, 15.225064162183688, 15.758351264968237, 16.32266025421229, 16.908486498697506, 17.484353835344262, 18.037616210167176, 18.52916526058725]",,,0.0,,0.25875950000000086,0.0,21.643080864728525,22.22199349757245,0.0,21.932537181150487,,,,,,,,,,,0.0,304.51918945952997,0.0,0.0,23.09311008020564,23.284847415070193,23.478771602948914,23.343024671433806
2023-07-12 23:30:00,19.44,0.0,0.0,0.0,22.49,0.0,,0.12,,33.01,0.53,0.0,23.16,5.93,55.95,,,237.93,,0.0,,13.99,55.95,,0.0,32.51,,0.0,13.3,0.0,31.8,,,4.0,22.2,,,0.0,0.0,,,,"[32.02169588600762, 32.183513104012974, 32.397417286752464, 33.35555255961621]","[14.616304206821312, 15.250593584853585, 15.78362155179165, 16.345891642016177, 16.929295483515425, 17.50303918326537, 18.053793962660368, 18.537463315463686]",,,0.0,,0.25500950000000083,0.0,21.932537181150487,22.16823986711966,0.0,22.050388524135073,,,,,,,,,,,0.0,304.51918945952997,0.0,0.0,23.1152794008049,23.306881042042566,23.50060638740846,23.36499864565233
2023-07-12 23:45:00,19.43,0.0,0.0,0.0,22.32,0.0,,0.13,,33.0,0.54,0.0,23.17,5.95,55.94,,,237.97,,0.0,,14.0,55.95,,0.0,32.49,,0.0,13.37,0.0,31.7,,,4.0,22.0,,,0.0,0.0,,,,"[31.992623872135084, 32.15334432532347, 32.36912585969183, 33.317924108040096]","[14.654018664701, 15.27624237750164, 15.808814952368163, 16.36907326640168, 16.95007249819309, 17.521688877387177, 18.069875591695734, 18.545881423369295]",,,0.0,,0.2509470000000008,0.0,22.050388524135073,22.00598343436691,-0.0,22.028185979250992,,,,,,,,,,,0.0,304.51918945952997,0.0,0.0,23.134040859643537,23.325399522237902,23.51876881194292,23.383410309149408
